Date,Adj Close,Close,High,Low,Open,Volume
2021-02-05,14056.7197265625,14056.7197265625,14114.4404296875,14013.1298828125,14061.6904296875,76254800
2021-02-08,14059.91015625,14059.91015625,14169.490234375,14056.5498046875,14156.83984375,61532900
2021-02-09,14011.7998046875,14011.7998046875,14061.6103515625,13962.1396484375,14055.599609375,58414500
2021-02-10,13932.9697265625,13932.9697265625,14063.1201171875,13830.1201171875,14063.1201171875,67411900
2021-02-11,14040.91015625,14040.91015625,14053.0595703125,13916.6298828125,13958.3896484375,53851500
2021-02-12,14049.8896484375,14049.8896484375,14050.9599609375,13916.73046875,13976.1298828125,57699700
2021-02-15,14109.48046875,14109.48046875,14131.2099609375,14074.25,14109.0703125,49898700
2021-02-16,14064.599609375,14064.599609375,14130.740234375,14049.98046875,14105.1298828125,58655000
2021-02-17,13909.26953125,13909.26953125,14036.9501953125,13894.0595703125,14028.099609375,81266800
2021-02-18,13886.9296875,13886.9296875,13961.0498046875,13853.76953125,13926.83984375,67920700
2021-02-19,13993.23046875,13993.23046875,14026.1796875,13892.7197265625,13941.400390625,72974000
2021-02-22,13950.0400390625,13950.0400390625,13975.080078125,13802.5498046875,13858.5595703125,66035300
2021-02-23,13864.8095703125,13864.8095703125,13989.240234375,13664.7099609375,13984.98046875,88194700
2021-02-24,13976.0,13976.0,13998.2998046875,13855.849609375,13855.849609375,68922400
2021-02-25,13879.330078125,13879.330078125,14051.009765625,13879.169921875,14045.01953125,95431900
2021-02-26,13786.2900390625,13786.2900390625,13881.259765625,13673.0703125,13685.7998046875,104069400
2021-03-01,14012.8203125,14012.8203125,14022.01953125,13873.830078125,13962.4296875,69566200
2021-03-02,14039.7998046875,14039.7998046875,14101.7900390625,13961.6201171875,13962.0703125,63307700
2021-03-03,14080.0302734375,14080.0302734375,14197.490234375,13979.73046875,14130.8603515625,84766900
2021-03-04,14056.33984375,14056.33984375,14095.8095703125,13959.26953125,14015.4404296875,84620900
2021-03-05,13920.6904296875,13920.6904296875,14068.0302734375,13868.2001953125,13958.5400390625,89791900
2021-03-08,14380.91015625,14380.91015625,14402.919921875,13977.1298828125,14024.5703125,109071900
2021-03-09,14437.9404296875,14437.9404296875,14475.650390625,14309.349609375,14345.509765625,107881800
2021-03-10,14540.25,14540.25,14560.9697265625,14408.51953125,14439.4501953125,95715700
2021-03-11,14569.3896484375,14569.3896484375,14595.01953125,14515.0703125,14553.5400390625,74066400
2021-03-12,14502.3896484375,14502.3896484375,14527.419921875,14450.7197265625,14492.4501953125,69100900
2021-03-15,14461.419921875,14461.419921875,14572.240234375,14409.349609375,14504.490234375,62766600
2021-03-16,14557.580078125,14557.580078125,14601.7900390625,14511.2998046875,14519.7197265625,714300
2021-03-17,14596.6103515625,14596.6103515625,14601.6298828125,14539.7001953125,14565.2900390625,759600
2021-03-18,14775.51953125,14775.51953125,14804.009765625,14669.9501953125,14673.7197265625,104691200
2021-03-19,14621.0,14621.0,14747.5595703125,14563.2099609375,14697.259765625,207441200
2021-03-22,14657.2099609375,14657.2099609375,14677.1201171875,14539.26953125,14551.169921875,66130200
2021-03-23,14662.01953125,14662.01953125,14707.3701171875,14516.2197265625,14582.0703125,73296400
2021-03-24,14610.3896484375,14610.3896484375,14619.0400390625,14523.1201171875,14543.580078125,65084000
2021-03-25,14621.3603515625,14621.3603515625,14621.3603515625,14422.650390625,14550.400390625,80104500
2021-03-26,14748.9404296875,14748.9404296875,14776.3203125,14693.9404296875,14714.58984375,67169800
2021-03-29,14817.7197265625,14817.7197265625,14845.419921875,14756.0400390625,14809.7998046875,71106000
2021-03-30,15008.6103515625,15008.6103515625,15029.7001953125,14890.2802734375,14897.66015625,71173400
2021-03-31,15008.33984375,15008.33984375,15026.490234375,14973.58984375,14982.1201171875,76061700
2021-04-01,15107.169921875,15107.169921875,15110.919921875,15032.51953125,15053.76953125,67886600
2021-04-06,15212.6796875,15212.6796875,15311.8603515625,15209.900390625,15289.9697265625,79478900
2021-04-07,15176.3603515625,15176.3603515625,15242.73046875,15160.2802734375,15221.23046875,59116700
2021-04-08,15202.6796875,15202.6796875,15247.7802734375,15144.1103515625,15236.4404296875,68862100
2021-04-09,15234.16015625,15234.16015625,15243.5595703125,15157.2099609375,15198.1396484375,56870100
2021-04-12,15215.0,15215.0,15275.330078125,15212.240234375,15238.849609375,53646400
2021-04-13,15234.3603515625,15234.3603515625,15281.650390625,15184.9501953125,15244.6201171875,62443500
2021-04-14,15209.150390625,15209.150390625,15255.919921875,15191.509765625,15253.58984375,66666600
2021-04-15,15255.330078125,15255.330078125,15271.6904296875,15227.6298828125,15238.6298828125,61834300
2021-04-16,15459.75,15459.75,15473.830078125,15274.2197265625,15277.849609375,82758000
2021-04-19,15368.3896484375,15368.3896484375,15501.83984375,15368.1396484375,15496.8701171875,61839400
2021-04-20,15129.509765625,15129.509765625,15393.1298828125,15109.5400390625,15361.150390625,76224500
2021-04-21,15195.9697265625,15195.9697265625,15210.6904296875,15071.7802734375,15179.91015625,67077500
2021-04-22,15320.51953125,15320.51953125,15328.330078125,15230.2001953125,15252.0400390625,59628300
2021-04-23,15279.6201171875,15279.6201171875,15309.08984375,15149.349609375,15267.759765625,57798000
2021-04-26,15296.33984375,15296.33984375,15325.8896484375,15237.01953125,15297.9296875,49117600
2021-04-27,15249.26953125,15249.26953125,15293.8896484375,15186.759765625,15282.83984375,54513000
2021-04-28,15292.1796875,15292.1796875,15355.2802734375,15266.6103515625,15320.400390625,79607600
2021-04-29,15154.2001953125,15154.2001953125,15329.7197265625,15085.01953125,15326.23046875,80110800
2021-04-30,15135.91015625,15135.91015625,15244.259765625,15135.91015625,15204.3896484375,75194700
2021-05-03,15236.4697265625,15236.4697265625,15268.5595703125,15111.2998046875,15191.7900390625,48822800
2021-05-04,14856.48046875,14856.48046875,15260.75,14845.26953125,15259.5,89422100
2021-05-05,15170.7802734375,15170.7802734375,15170.7802734375,14963.76953125,14969.6298828125,81587200
2021-05-06,15196.740234375,15196.740234375,15281.400390625,15092.76953125,15170.76953125,77036200
2021-05-07,15399.650390625,15399.650390625,15406.41015625,15290.2001953125,15348.3203125,74562700
2021-05-10,15400.41015625,15400.41015625,15419.4296875,15347.9599609375,15417.5302734375,65162200
2021-05-11,15119.75,15119.75,15255.8896484375,15006.73046875,15253.3203125,80129000
2021-05-12,15150.2197265625,15150.2197265625,15226.3603515625,15058.1103515625,15144.0400390625,79302600
2021-05-13,15199.6796875,15199.6796875,15235.8896484375,14816.349609375,14967.7998046875,64374900
2021-05-14,15416.6396484375,15416.6396484375,15417.240234375,15214.6796875,15301.740234375,69232200
2021-05-17,15396.6201171875,15396.6201171875,15482.23046875,15353.66015625,15432.33984375,67787000
2021-05-18,15386.580078125,15386.580078125,15538.009765625,15344.099609375,15514.7197265625,65843300
2021-05-19,15113.5595703125,15113.5595703125,15266.5302734375,14961.26953125,15238.8203125,75858000
2021-05-20,15370.259765625,15370.259765625,15370.259765625,15102.349609375,15207.3203125,65602300
2021-05-21,15437.509765625,15437.509765625,15467.1904296875,15364.4296875,15411.0302734375,70065600
2021-05-25,15465.08984375,15465.08984375,15568.599609375,15465.08984375,15548.2900390625,92981200
2021-05-26,15450.7197265625,15450.7197265625,15541.8603515625,15407.48046875,15520.4404296875,58668800
2021-05-27,15406.73046875,15406.73046875,15490.0595703125,15350.669921875,15419.2001953125,119417800
2021-05-28,15519.98046875,15519.98046875,15548.7197265625,15435.740234375,15443.1396484375,56862000
2021-05-31,15421.1298828125,15421.1298828125,15499.6396484375,15414.3798828125,15496.48046875,36495900
2021-06-01,15567.3603515625,15567.3603515625,15685.400390625,15512.3603515625,15513.1298828125,56073600
2021-06-02,15602.7099609375,15602.7099609375,15631.01953125,15554.01953125,15570.76953125,51678400
2021-06-03,15632.669921875,15632.669921875,15657.150390625,15477.3203125,15591.5400390625,45339500
2021-06-04,15692.900390625,15692.900390625,15705.8896484375,15607.919921875,15651.6904296875,44669100
2021-06-07,15677.150390625,15677.150390625,15732.0595703125,15614.1796875,15661.580078125,46954400
2021-06-08,15640.599609375,15640.599609375,15727.23046875,15638.3203125,15674.41015625,54921800
2021-06-09,15581.1396484375,15581.1396484375,15669.1396484375,15505.150390625,15642.740234375,50364800
2021-06-10,15571.2197265625,15571.2197265625,15637.9404296875,15513.3603515625,15610.080078125,56997400
2021-06-11,15693.26953125,15693.26953125,15703.83984375,15548.349609375,15583.2900390625,57088600
2021-06-14,15673.6396484375,15673.6396484375,15802.669921875,15673.6396484375,15739.8896484375,46556300
2021-06-15,15729.51953125,15729.51953125,15792.349609375,15714.9404296875,15744.76953125,45999200
2021-06-16,15710.5703125,15710.5703125,15759.66015625,15674.6103515625,15756.830078125,58585900
2021-06-17,15727.669921875,15727.669921875,15752.33984375,15649.2197265625,15655.3203125,62355100
2021-06-18,15448.0400390625,15448.0400390625,15736.9296875,15426.759765625,15720.51953125,126347100
2021-06-21,15603.240234375,15603.240234375,15606.5703125,15309.4404296875,15391.5,61783600
2021-06-22,15636.330078125,15636.330078125,15652.75,15518.3095703125,15587.5703125,53060800
2021-06-23,15456.3896484375,15456.3896484375,15675.900390625,15456.3896484375,15674.330078125,50468000
2021-06-24,15589.23046875,15589.23046875,15606.8896484375,15476.669921875,15528.5498046875,52474600
2021-06-25,15607.9697265625,15607.9697265625,15612.66015625,15533.400390625,15584.900390625,46613700
2021-06-28,15554.1796875,15554.1796875,15668.080078125,15542.169921875,15570.7998046875,43947600
2021-06-29,15690.58984375,15690.58984375,15752.9296875,15555.490234375,15565.830078125,50284300
2021-06-30,15531.0400390625,15531.0400390625,15709.33984375,15461.2001953125,15700.0595703125,63950700
2021-07-01,15603.8095703125,15603.8095703125,15708.7802734375,15488.490234375,15624.2802734375,49570300
2021-07-02,15650.08984375,15650.08984375,15705.5302734375,15616.4296875,15644.83984375,43114700
2021-07-05,15661.9697265625,15661.9697265625,15673.8798828125,15535.2900390625,15628.419921875,29752900
2021-07-06,15511.3798828125,15511.3798828125,15647.8798828125,15466.66015625,15615.0703125,53759400
2021-07-07,15692.7099609375,15692.7099609375,15700.9501953125,15604.580078125,15606.9404296875,59732200
2021-07-08,15420.6396484375,15420.6396484375,15591.650390625,15304.41015625,15584.7197265625,78813200
2021-07-09,15687.9296875,15687.9296875,15687.9296875,15479.4404296875,15497.9296875,60460900
2021-07-12,15790.509765625,15790.509765625,15806.900390625,15631.83984375,15675.419921875,47460900
2021-07-13,15789.6396484375,15789.6396484375,15806.5703125,15747.5703125,15769.509765625,50047700
2021-07-14,15788.98046875,15788.98046875,15810.6796875,15717.830078125,15733.1904296875,41145400
2021-07-15,15629.66015625,15629.66015625,15737.3603515625,15592.009765625,15737.3603515625,62684900
2021-07-16,15540.3095703125,15540.3095703125,15699.9296875,15476.990234375,15682.75,60314700
2021-07-19,15133.2001953125,15133.2001953125,15423.83984375,15048.5595703125,15420.1396484375,85990500
2021-07-20,15216.26953125,15216.26953125,15300.2900390625,15091.900390625,15234.849609375,60029200
2021-07-21,15422.5,15422.5,15443.759765625,15194.5400390625,15239.919921875,65073800
2021-07-22,15514.5400390625,15514.5400390625,15578.75,15471.4697265625,15533.2197265625,50331400
2021-07-23,15669.2900390625,15669.2900390625,15681.41015625,15583.650390625,15603.6904296875,54897600
2021-07-26,15618.98046875,15618.98046875,15641.6103515625,15544.9404296875,15586.66015625,38643700
2021-07-27,15519.1298828125,15519.1298828125,15586.900390625,15423.5595703125,15537.8896484375,44081200
2021-07-28,15570.3603515625,15570.3603515625,15577.1298828125,15497.099609375,15538.75,56569500
2021-07-29,15640.4697265625,15640.4697265625,15659.2197265625,15563.650390625,15608.8203125,51559500
2021-07-30,15544.3896484375,15544.3896484375,15613.66015625,15440.8896484375,15493.740234375,61343800
2021-08-02,15568.73046875,15568.73046875,15702.8896484375,15511.25,15631.7001953125,53799800
2021-08-03,15555.080078125,15555.080078125,15608.0703125,15492.580078125,15537.6904296875,50024700
2021-08-04,15692.1298828125,15692.1298828125,15712.26953125,15600.7998046875,15653.650390625,54854200
2021-08-05,15744.669921875,15744.669921875,15751.8798828125,15672.26953125,15691.740234375,61559300
2021-08-06,15761.4501953125,15761.4501953125,15808.240234375,15737.099609375,15770.849609375,52191600
2021-08-09,15745.41015625,15745.41015625,15798.509765625,15699.26953125,15773.509765625,41278000
2021-08-10,15770.7099609375,15770.7099609375,15802.150390625,15733.650390625,15734.1396484375,37936600
2021-08-11,15826.08984375,15826.08984375,15887.16015625,15724.990234375,15792.1201171875,46983300
2021-08-12,15937.509765625,15937.509765625,15964.3798828125,15823.5302734375,15829.26953125,53018500
2021-08-13,15977.4404296875,15977.4404296875,16030.330078125,15940.8203125,15948.150390625,39905200
2021-08-16,15925.73046875,15925.73046875,15961.1796875,15851.2802734375,15875.7001953125,44305900
2021-08-17,15921.9501953125,15921.9501953125,15937.4697265625,15811.5703125,15872.1201171875,46077200
2021-08-18,15965.9697265625,15965.9697265625,15969.849609375,15872.990234375,15935.2099609375,45355100
2021-08-19,15765.8095703125,15765.8095703125,15804.849609375,15621.98046875,15737.1796875,64752400
2021-08-20,15808.0400390625,15808.0400390625,15808.0400390625,15656.2802734375,15734.6796875,49982700
2021-08-23,15852.7900390625,15852.7900390625,15930.7197265625,15799.58984375,15930.7197265625,39880400
2021-08-24,15905.849609375,15905.849609375,15918.7197265625,15856.0498046875,15897.8603515625,42750500
2021-08-25,15860.66015625,15860.66015625,15932.6201171875,15853.3203125,15912.849609375,35537700
2021-08-26,15793.6201171875,15793.6201171875,15834.91015625,15701.849609375,15773.7099609375,39681200
2021-08-27,15851.75,15851.75,15859.76953125,15752.08984375,15778.919921875,32126500
2021-08-30,15887.3095703125,15887.3095703125,15896.73046875,15847.66015625,15856.7099609375,27220800
2021-08-31,15835.08984375,15835.08984375,16006.759765625,15761.5703125,15929.259765625,75099900
2021-09-01,15824.2900390625,15824.2900390625,15981.7001953125,15773.4404296875,15958.41015625,53324100
2021-09-02,15840.58984375,15840.58984375,15874.669921875,15810.76953125,15813.5703125,37299100
2021-09-03,15781.2001953125,15781.2001953125,15868.6904296875,15690.01953125,15841.4501953125,40901200
2021-09-06,15932.1201171875,15932.1201171875,15959.740234375,15814.6298828125,15818.4404296875,31915300
2021-09-07,15843.08984375,15843.08984375,15927.76953125,15826.8603515625,15896.5595703125,45060200
2021-09-08,15610.2802734375,15610.2802734375,15755.2998046875,15590.41015625,15714.6103515625,62575800
2021-09-09,15623.150390625,15623.150390625,15693.2197265625,15453.9599609375,15499.4501953125,54613000
2021-09-10,15609.8095703125,15609.8095703125,15702.599609375,15574.9404296875,15648.8896484375,55580900
2021-09-13,15701.419921875,15701.419921875,15787.66015625,15674.16015625,15681.169921875,50515500
2021-09-14,15722.990234375,15722.990234375,15763.580078125,15663.419921875,15697.7197265625,51343400
2021-09-15,15616.0,15616.0,15740.009765625,15613.7197265625,15731.48046875,58969400
2021-09-16,15651.75,15651.75,15745.1904296875,15638.23046875,15666.6298828125,54362800
2021-09-17,15490.169921875,15490.169921875,15791.900390625,15455.5400390625,15774.5703125,158392800
2021-09-20,15132.0595703125,15132.0595703125,15262.759765625,15019.490234375,15259.5,96690100
2021-09-21,15348.5302734375,15348.5302734375,15394.330078125,15205.7001953125,15265.0302734375,61546200
2021-09-22,15506.740234375,15506.740234375,15508.419921875,15378.9296875,15463.240234375,54135200
2021-09-23,15643.9697265625,15643.9697265625,15695.650390625,15593.7197265625,15630.009765625,54651300
2021-09-24,15531.75,15531.75,15573.4599609375,15497.169921875,15562.1396484375,49967000
2021-09-27,15573.8798828125,15573.8798828125,15704.0498046875,15552.08984375,15699.009765625,59034800
2021-09-28,15248.5595703125,15248.5595703125,15542.41015625,15232.9697265625,15542.0302734375,75174800
2021-09-29,15365.26953125,15365.26953125,15422.75,15301.349609375,15357.0,56303700
2021-09-30,15260.6904296875,15260.6904296875,15448.51953125,15246.0,15434.330078125,74664500
2021-10-01,15156.4404296875,15156.4404296875,15262.75,14983.7998046875,15041.599609375,66029600
2021-10-04,15036.5498046875,15036.5498046875,15175.25,15016.9296875,15061.8603515625,52650700
2021-10-05,15194.490234375,15194.490234375,15202.2001953125,15011.4404296875,15055.400390625,60532800
2021-10-06,14973.330078125,14973.330078125,15049.490234375,14818.7099609375,15040.099609375,96189400
2021-10-07,15250.8603515625,15250.8603515625,15253.2900390625,15116.4697265625,15162.75,76332700
2021-10-08,15206.1298828125,15206.1298828125,15267.919921875,15184.759765625,15242.759765625,59531300
2021-10-11,15199.1396484375,15199.1396484375,15202.740234375,15094.4404296875,15115.4599609375,75309100
2021-10-12,15146.8701171875,15146.8701171875,15174.2900390625,15012.0703125,15025.349609375,60955500
2021-10-13,15249.3798828125,15249.3798828125,15302.4296875,15109.6103515625,15130.7998046875,69662700
2021-10-14,15462.7197265625,15462.7197265625,15464.3798828125,15303.3896484375,15350.7197265625,60002700
2021-10-15,15587.3603515625,15587.3603515625,15598.580078125,15465.9296875,15481.2197265625,73666300
2021-10-18,15474.4697265625,15474.4697265625,15542.169921875,15416.01953125,15518.58984375,49463100
2021-10-19,15515.830078125,15515.830078125,15527.9697265625,15457.4296875,15510.990234375,49579400
2021-10-20,15522.919921875,15522.919921875,15567.0703125,15465.0302734375,15473.5595703125,54739200
2021-10-21,15472.5595703125,15472.5595703125,15532.9404296875,15406.58984375,15408.7998046875,54649400
2021-10-22,15542.98046875,15542.98046875,15614.759765625,15492.2900390625,15507.990234375,49948500
2021-10-25,15599.23046875,15599.23046875,15618.8798828125,15531.9501953125,15580.580078125,51296300
2021-10-26,15757.0595703125,15757.0595703125,15781.0,15650.349609375,15652.91015625,56055900
2021-10-27,15705.8095703125,15705.8095703125,15744.7900390625,15671.58984375,15725.400390625,73429300
2021-10-28,15696.330078125,15696.330078125,15706.3896484375,15629.330078125,15681.51953125,78877800
2021-10-29,15688.76953125,15688.76953125,15689.66015625,15495.509765625,15579.900390625,80569400
2021-11-01,15806.2900390625,15806.2900390625,15849.400390625,15760.349609375,15764.5498046875,49160900
2021-11-02,15954.4501953125,15954.4501953125,15960.2099609375,15824.1103515625,15825.26953125,60596100
2021-11-03,15959.98046875,15959.98046875,15972.7099609375,15922.099609375,15957.150390625,74344600
2021-11-04,16029.650390625,16029.650390625,16064.7900390625,15997.6298828125,16035.900390625,76262400
2021-11-05,16054.3603515625,16054.3603515625,16084.900390625,16008.400390625,16011.5703125,75298200
2021-11-08,16046.51953125,16046.51953125,16068.73046875,16016.2001953125,16040.849609375,48903600
2021-11-09,16040.4697265625,16040.4697265625,16104.1298828125,16022.6396484375,16026.740234375,61428000
2021-11-10,16067.830078125,16067.830078125,16076.5595703125,15985.900390625,16053.0,62124400
2021-11-11,16083.1103515625,16083.1103515625,16114.5498046875,16032.5,16067.33984375,56626200
2021-11-12,16094.0703125,16094.0703125,16122.759765625,16065.0595703125,16100.080078125,60302900
2021-11-15,16148.6396484375,16148.6396484375,16149.8701171875,16072.2900390625,16109.41015625,53296600
2021-11-16,16247.8603515625,16247.8603515625,16266.259765625,16157.580078125,16174.3095703125,56783300
2021-11-17,16251.1298828125,16251.1298828125,16283.51953125,16240.509765625,16248.3203125,54131500
2021-11-18,16221.73046875,16221.73046875,16290.1904296875,16193.33984375,16262.2900390625,57887500
2021-11-19,16159.9697265625,16159.9697265625,16282.8701171875,16092.6298828125,16269.2197265625,105496400
2021-11-22,16115.6904296875,16115.6904296875,16202.76953125,16090.5400390625,16188.5400390625,65473700
2021-11-23,15937.0,15937.0,16054.3798828125,15866.009765625,15987.2001953125,91000000
2021-11-24,15878.3896484375,15878.3896484375,15974.2998046875,15740.599609375,15942.2802734375,87886600
2021-11-25,15917.98046875,15917.98046875,15962.5400390625,15865.41015625,15928.3798828125,57275800
2021-11-26,15257.0400390625,15257.0400390625,15540.2900390625,15244.4599609375,15383.900390625,133308100
2021-11-29,15280.8603515625,15280.8603515625,15441.91015625,15237.8701171875,15418.2802734375,95660000
2021-11-30,15100.1298828125,15100.1298828125,15280.0400390625,15015.419921875,15117.6298828125,152644300
2021-12-01,15472.669921875,15472.669921875,15509.4599609375,15187.08984375,15233.3701171875,86134400
2021-12-02,15263.1103515625,15263.1103515625,15373.51953125,15172.900390625,15300.73046875,93605500
2021-12-03,15169.98046875,15169.98046875,15422.900390625,15101.7099609375,15422.900390625,80653400
2021-12-06,15380.7900390625,15380.7900390625,15415.4599609375,15150.5400390625,15323.2001953125,74842900
2021-12-07,15813.9404296875,15813.9404296875,15827.9404296875,15544.7900390625,15546.7001953125,86195400
2021-12-08,15687.08984375,15687.08984375,15834.0400390625,15683.669921875,15781.0498046875,72088200
2021-12-09,15639.259765625,15639.259765625,15721.48046875,15613.400390625,15705.9296875,60664300
2021-12-10,15623.3095703125,15623.3095703125,15689.5,15550.4501953125,15572.6904296875,58755300
2021-12-13,15621.7197265625,15621.7197265625,15794.3095703125,15591.6201171875,15653.5703125,56995000
2021-12-14,15453.5595703125,15453.5595703125,15697.98046875,15448.4501953125,15680.349609375,62436700
2021-12-15,15476.349609375,15476.349609375,15531.0400390625,15451.740234375,15503.6396484375,54560500
2021-12-16,15636.400390625,15636.400390625,15780.9296875,15621.5703125,15708.9404296875,87304300
2021-12-17,15531.6904296875,15531.6904296875,15609.509765625,15419.5498046875,15599.75,140842600
2021-12-20,15239.669921875,15239.669921875,15296.080078125,15060.099609375,15152.5595703125,69118800
2021-12-21,15447.4404296875,15447.4404296875,15452.419921875,15305.6103515625,15379.080078125,53329700
2021-12-22,15593.4697265625,15593.4697265625,15593.4697265625,15425.16015625,15474.83984375,42996600
2021-12-23,15756.3095703125,15756.3095703125,15768.4501953125,15622.599609375,15660.7802734375,43253900
2021-12-27,15835.25,15835.25,15854.6201171875,15697.4404296875,15705.5302734375,28899600
2021-12-28,15963.7001953125,15963.7001953125,15974.7900390625,15832.9599609375,15839.1904296875,34021000
2021-12-29,15852.25,15852.25,15955.0302734375,15803.58984375,15952.4697265625,34973900
2021-12-30,15884.8603515625,15884.8603515625,15890.740234375,15834.5703125,15837.5595703125,32456600
2022-01-03,16020.73046875,16020.73046875,16069.3798828125,15943.16015625,15947.4404296875,56865800
2022-01-04,16152.6103515625,16152.6103515625,16202.580078125,16036.51953125,16069.7998046875,75187400
2022-01-05,16271.75,16271.75,16285.349609375,16161.7197265625,16177.4404296875,68244500
2022-01-06,16052.0302734375,16052.0302734375,16156.5595703125,15988.6298828125,16076.16015625,75756700
2022-01-07,15947.740234375,15947.740234375,16044.2802734375,15862.7099609375,15999.01953125,74469300
2022-01-10,15768.26953125,15768.26953125,16015.33984375,15724.23046875,16006.4404296875,82834300
2022-01-11,15941.8095703125,15941.8095703125,15979.990234375,15880.3896484375,15918.8203125,74622100
2022-01-12,16010.3203125,16010.3203125,16061.5,15955.5400390625,16054.9296875,69357000
2022-01-13,16031.58984375,16031.58984375,16090.2900390625,15941.7802734375,15959.830078125,72976100
2022-01-14,15883.240234375,15883.240234375,15970.7001953125,15833.73046875,15929.3701171875,80457700
2022-01-17,15933.7197265625,15933.7197265625,15962.7001953125,15894.76953125,15948.900390625,46576400
2022-01-18,15772.5595703125,15772.5595703125,15843.580078125,15669.349609375,15839.150390625,70557600
2022-01-19,15809.7197265625,15809.7197265625,15898.0498046875,15629.8603515625,15639.4501953125,74923900
2022-01-20,15912.330078125,15912.330078125,15912.330078125,15737.330078125,15837.240234375,62979800
2022-01-21,15603.8798828125,15603.8798828125,15728.2900390625,15456.8701171875,15694.8203125,105899500
2022-01-24,15011.1298828125,15011.1298828125,15587.3896484375,14952.669921875,15499.6103515625,115815500
2022-01-25,15123.8701171875,15123.8701171875,15205.75,14979.1103515625,15139.0703125,86066500
2022-01-26,15459.3896484375,15459.3896484375,15524.9599609375,15272.8701171875,15273.0595703125,82970700
2022-01-27,15524.26953125,15524.26953125,15582.4501953125,15197.5302734375,15229.98046875,105993600
2022-01-28,15318.9501953125,15318.9501953125,15416.58984375,15122.650390625,15411.8603515625,91381200
2022-01-31,15471.2001953125,15471.2001953125,15566.3798828125,15338.1904296875,15506.7900390625,88305600
2022-02-01,15619.3896484375,15619.3896484375,15687.9599609375,15537.0498046875,15620.5595703125,74929400
2022-02-02,15613.76953125,15613.76953125,15736.51953125,15604.990234375,15689.16015625,66319500
2022-02-03,15368.4697265625,15368.4697265625,15602.5,15367.16015625,15565.9404296875,104951100
2022-02-04,15099.5595703125,15099.5595703125,15423.9404296875,15060.48046875,15410.73046875,93799100
2022-02-07,15206.6396484375,15206.6396484375,15256.080078125,15076.8896484375,15220.080078125,71120600
2022-02-08,15242.3798828125,15242.3798828125,15338.0,15158.7998046875,15221.7001953125,80957900
2022-02-09,15482.009765625,15482.009765625,15513.9404296875,15351.48046875,15356.9501953125,85342900
2022-02-10,15490.4404296875,15490.4404296875,15614.4697265625,15413.3701171875,15597.0595703125,94694700
2022-02-11,15425.1201171875,15425.1201171875,15511.33984375,15308.6904296875,15353.8603515625,100055100
2022-02-14,15113.9697265625,15113.9697265625,15150.5400390625,14844.099609375,15065.73046875,119705200
2022-02-15,15412.7099609375,15412.7099609375,15418.41015625,15068.330078125,15077.3203125,83214500
2022-02-16,15396.0703125,15396.0703125,15542.83984375,15374.0,15431.26953125,31633100
2022-02-17,15267.6298828125,15267.6298828125,15440.080078125,15206.400390625,15404.1396484375,78678300
2022-02-18,15042.509765625,15042.509765625,15317.3896484375,14989.0498046875,15278.66015625,87529800
2022-02-21,14731.1201171875,14731.1201171875,15192.4697265625,14617.66015625,15186.6298828125,78145800
2022-02-22,14693.0,14693.0,14782.16015625,14357.8603515625,14365.0595703125,115316300
2022-02-23,14631.3603515625,14631.3603515625,14901.08984375,14586.349609375,14754.2197265625,89094500
2022-02-24,14052.099609375,14052.099609375,14221.7099609375,13807.2802734375,13989.41015625,219860100
2022-02-25,14567.23046875,14567.23046875,14567.6201171875,14027.9296875,14230.08984375,160377100
2022-02-28,14461.01953125,14461.01953125,14510.76953125,14106.8896484375,14263.73046875,160848700
2022-03-01,13904.849609375,13904.849609375,14448.6103515625,13904.849609375,14404.2197265625,145245900
2022-03-02,14000.1103515625,14000.1103515625,14114.7900390625,13707.8603515625,13836.9296875,158825300
2022-03-03,13698.400390625,13698.400390625,14057.150390625,13669.099609375,13990.25,118913500
2022-03-04,13094.5400390625,13094.5400390625,13562.599609375,13094.5400390625,13485.98046875,178566000
2022-03-07,12834.650390625,12834.650390625,13150.349609375,12438.849609375,12614.080078125,192412700
2022-03-08,12831.509765625,12831.509765625,13106.7802734375,12672.0,12673.8896484375,172923800
2022-03-09,13847.9296875,13847.9296875,13847.9296875,13199.6796875,13215.0595703125,177828900
2022-03-10,13442.099609375,13442.099609375,13829.9697265625,13341.7900390625,13819.4404296875,148856700
2022-03-11,13628.1103515625,13628.1103515625,13943.9697265625,13407.9697265625,13479.6904296875,130836100
2022-03-14,13929.1103515625,13929.1103515625,14082.0595703125,13815.7998046875,13827.2197265625,118949300
2022-03-15,13917.26953125,13917.26953125,13974.83984375,13577.8095703125,13768.4404296875,101279000
2022-03-16,14440.740234375,14440.740234375,14553.099609375,14183.259765625,14245.76953125,138610100
2022-03-17,14388.0595703125,14388.0595703125,14509.23046875,14243.9404296875,14500.0498046875,96870400
2022-03-18,14413.08984375,14413.08984375,14413.08984375,14109.7900390625,14374.41015625,181197700
2022-03-21,14326.9697265625,14326.9697265625,14457.2998046875,14306.259765625,14385.8203125,69806300
2022-03-22,14473.2001953125,14473.2001953125,14508.009765625,14343.33984375,14365.669921875,79554100
2022-03-23,14283.650390625,14283.650390625,14539.3095703125,14226.4296875,14532.83984375,76384100
2022-03-24,14273.7900390625,14273.7900390625,14375.8203125,14187.8203125,14305.7998046875,77315500
2022-03-25,14305.759765625,14305.759765625,14428.0302734375,14247.3798828125,14332.259765625,73042400
2022-03-28,14417.3701171875,14417.3701171875,14627.580078125,14371.900390625,14376.0,70588000
2022-03-29,14820.330078125,14820.330078125,14925.25,14553.7099609375,14592.740234375,99659400
2022-03-30,14606.0498046875,14606.0498046875,14744.7197265625,14555.8701171875,14712.3203125,76506500
2022-03-31,14414.75,14414.75,14732.0,14404.0302734375,14674.830078125,88194400
2022-04-01,14446.48046875,14446.48046875,14506.01953125,14403.08984375,14447.7802734375,72477600
2022-04-04,14518.16015625,14518.16015625,14535.0703125,14334.099609375,14503.9599609375,69362800
2022-04-05,14424.3603515625,14424.3603515625,14603.4404296875,14347.330078125,14504.7998046875,79130600
2022-04-06,14151.6904296875,14151.6904296875,14437.91015625,14027.1796875,14402.16015625,104304600
2022-04-07,14078.150390625,14078.150390625,14315.349609375,14069.5302734375,14187.1298828125,84791200
2022-04-08,14283.669921875,14283.669921875,14321.8203125,14178.2802734375,14275.8701171875,74244800
2022-04-11,14192.7802734375,14192.7802734375,14298.01953125,14094.830078125,14162.9697265625,69814800
2022-04-12,14124.9501953125,14124.9501953125,14180.08984375,13887.1103515625,13956.5595703125,104676200
2022-04-13,14076.4404296875,14076.4404296875,14100.0302734375,13961.9501953125,14062.7001953125,80458200
2022-04-14,14163.849609375,14163.849609375,14198.7802734375,14038.2998046875,14098.48046875,87530500
2022-04-19,14153.4599609375,14153.4599609375,14199.08984375,13991.7001953125,14057.4296875,70608100
2022-04-20,14362.0302734375,14362.0302734375,14362.0302734375,14149.6796875,14154.48046875,75486900
2022-04-21,14502.41015625,14502.41015625,14598.1103515625,14374.58984375,14376.0498046875,78397500
2022-04-22,14142.08984375,14142.08984375,14372.4697265625,14142.08984375,14320.509765625,82415500
2022-04-25,13924.169921875,13924.169921875,14037.6298828125,13863.3896484375,13908.0498046875,85275400
2022-04-26,13756.400390625,13756.400390625,14112.83984375,13749.6796875,14087.080078125,98346100
2022-04-27,13793.9404296875,13793.9404296875,13849.4296875,13566.2001953125,13760.2197265625,134621900
2022-04-28,13979.83984375,13979.83984375,14074.7099609375,13822.16015625,13907.0595703125,97665400
2022-04-29,14097.8798828125,14097.8798828125,14187.01953125,14038.5498046875,14095.9296875,102033100
2022-05-02,13939.0703125,13939.0703125,14036.1103515625,13778.1298828125,13996.8203125,85974500
2022-05-03,14039.4697265625,14039.4697265625,14081.150390625,13920.4599609375,13958.919921875,86472700
2022-05-04,13970.8203125,13970.8203125,14073.2099609375,13970.6201171875,14020.900390625,71631100
2022-05-05,13902.51953125,13902.51953125,14315.240234375,13857.580078125,14282.76953125,86031700
2022-05-06,13674.2900390625,13674.2900390625,13851.4501953125,13592.150390625,13832.650390625,96547800
2022-05-09,13380.669921875,13380.669921875,13697.900390625,13380.669921875,13624.919921875,82759800
2022-05-10,13534.740234375,13534.740234375,13719.9501953125,13514.490234375,13550.01953125,84927900
2022-05-11,13828.6396484375,13828.6396484375,13829.099609375,13508.5595703125,13587.2900390625,107719800
2022-05-12,13739.6396484375,13739.6396484375,13808.08984375,13479.3603515625,13512.1298828125,110587600
2022-05-13,14027.9296875,14027.9296875,14034.150390625,13795.6396484375,13837.419921875,90805300
2022-05-16,13964.3798828125,13964.3798828125,14043.099609375,13864.9501953125,13986.169921875,67914800
2022-05-17,14185.9404296875,14185.9404296875,14203.08984375,14056.98046875,14072.669921875,71183700
2022-05-18,14007.759765625,14007.759765625,14226.4697265625,13999.5400390625,14197.1796875,69356900
2022-05-19,13882.2998046875,13882.2998046875,13882.2998046875,13683.58984375,13822.349609375,82304500
2022-05-20,13981.91015625,13981.91015625,14161.3203125,13944.16015625,13968.259765625,83084600
2022-05-23,14175.400390625,14175.400390625,14217.48046875,14026.1396484375,14179.83984375,60577400
2022-05-24,13919.75,13919.75,14105.0595703125,13917.080078125,14043.2197265625,70956400
2022-05-25,14007.9296875,14007.9296875,14053.58984375,13871.48046875,14022.26953125,64007200
2022-05-26,14231.2900390625,14231.2900390625,14253.6103515625,14025.4404296875,14025.4404296875,57436000
2022-05-27,14462.1904296875,14462.1904296875,14463.5,14246.830078125,14289.5302734375,71341500
2022-05-30,14575.98046875,14575.98046875,14589.4501953125,14509.580078125,14572.7998046875,54721200
2022-05-31,14388.349609375,14388.349609375,14547.08984375,14359.3896484375,14513.33984375,146716000
2022-06-01,14340.4697265625,14340.4697265625,14489.0,14329.509765625,14478.3701171875,68008900
2022-06-02,14485.169921875,14485.169921875,14492.7802734375,14393.0400390625,14394.3603515625,50049600
2022-06-03,14460.08984375,14460.08984375,14589.91015625,14443.1103515625,14585.1796875,46395500
2022-06-06,14653.8095703125,14653.8095703125,14709.3798828125,14548.259765625,14576.8701171875,38135700
2022-06-07,14556.6201171875,14556.6201171875,14590.6904296875,14458.33984375,14569.2998046875,51840700
2022-06-08,14445.990234375,14445.990234375,14602.0595703125,14378.5,14595.7802734375,61851500
2022-06-09,14198.7998046875,14198.7998046875,14420.73046875,14186.9296875,14364.58984375,64865200
2022-06-10,13761.830078125,13761.830078125,14121.0703125,13749.76953125,14110.0302734375,89335800
2022-06-13,13427.0302734375,13427.0302734375,13648.83984375,13379.8701171875,13564.4697265625,91214200
2022-06-14,13304.3896484375,13304.3896484375,13569.9296875,13294.0,13557.4404296875,78302700
2022-06-15,13485.2900390625,13485.2900390625,13566.7998046875,13358.400390625,13480.5,80763200
2022-06-16,13038.490234375,13038.490234375,13443.3203125,13007.91015625,13440.4296875,104048800
2022-06-17,13126.259765625,13126.259765625,13237.7001953125,13020.419921875,13092.849609375,190391800
2022-06-20,13265.599609375,13265.599609375,13265.599609375,13106.3798828125,13207.7900390625,54602700
2022-06-21,13292.400390625,13292.400390625,13443.76953125,13273.2001953125,13335.150390625,64763900
2022-06-22,13144.2802734375,13144.2802734375,13206.1103515625,12965.6904296875,13062.259765625,76135600
2022-06-23,12912.58984375,12912.58984375,13120.3095703125,12912.58984375,13082.6201171875,99254200
2022-06-24,13118.1298828125,13118.1298828125,13160.7099609375,12904.8603515625,12949.8701171875,95705800
2022-06-27,13186.0703125,13186.0703125,13378.419921875,13126.8603515625,13217.900390625,69024800
2022-06-28,13231.8203125,13231.8203125,13358.6201171875,13221.0400390625,13264.6201171875,61092900
2022-06-29,13003.349609375,13003.349609375,13132.3603515625,12946.759765625,13089.990234375,70350700
2022-06-30,12783.76953125,12783.76953125,12811.4296875,12618.6796875,12795.2197265625,114222900
2022-07-01,12813.0302734375,12813.0302734375,12894.3798828125,12623.23046875,12627.66015625,80285900
2022-07-04,12773.3798828125,12773.3798828125,12919.7001953125,12741.6298828125,12904.08984375,52500200
2022-07-05,12401.2001953125,12401.2001953125,12870.240234375,12390.9501953125,12851.2900390625,90489700
2022-07-06,12594.51953125,12594.51953125,12668.6796875,12509.2197265625,12587.5498046875,78681400
2022-07-07,12843.2197265625,12843.2197265625,12867.7099609375,12693.650390625,12757.6298828125,79392500
2022-07-08,13015.23046875,13015.23046875,13019.1298828125,12766.7998046875,12814.099609375,75193100
2022-07-11,12832.4404296875,12832.4404296875,12934.8701171875,12774.23046875,12783.08984375,55461200
2022-07-12,12905.48046875,12905.48046875,12905.48046875,12655.0595703125,12751.2998046875,65198400
2022-07-13,12756.3203125,12756.3203125,12851.900390625,12625.2197265625,12800.8701171875,63030200
2022-07-14,12519.66015625,12519.66015625,12788.009765625,12434.2900390625,12759.2900390625,72613000
2022-07-15,12864.7197265625,12864.7197265625,12875.669921875,12532.9404296875,12562.150390625,77498400
2022-07-18,12959.8095703125,12959.8095703125,13062.23046875,12913.6904296875,12935.0498046875,61274100
2022-07-19,13308.41015625,13308.41015625,13351.2001953125,12827.8896484375,12884.830078125,73418300
2022-07-20,13281.98046875,13281.98046875,13399.400390625,13129.1298828125,13356.669921875,75183800
2022-07-21,13246.6396484375,13246.6396484375,13318.6396484375,13097.75,13261.8203125,87886300
2022-07-22,13253.6796875,13253.6796875,13367.0400390625,13171.1396484375,13179.5595703125,76076400
2022-07-25,13210.3203125,13210.3203125,13337.0595703125,13151.8603515625,13183.240234375,56561100
2022-07-26,13096.9296875,13096.9296875,13197.9501953125,13042.41015625,13181.919921875,58207700
2022-07-27,13166.3798828125,13166.3798828125,13204.580078125,13089.9599609375,13158.6396484375,79894900
2022-07-28,13282.1103515625,13282.1103515625,13289.3896484375,13091.259765625,13214.41015625,74308800
2022-07-29,13484.0498046875,13484.0498046875,13515.0302734375,13340.58984375,13353.2802734375,82631600
2022-08-01,13479.6298828125,13479.6298828125,13570.2197265625,13464.900390625,13471.2001953125,57227900
2022-08-02,13449.2001953125,13449.2001953125,13484.5498046875,13335.3896484375,13419.1904296875,56681200
2022-08-03,13587.5595703125,13587.5595703125,13595.0703125,13388.33984375,13398.7001953125,63636000
2022-08-04,13662.6796875,13662.6796875,13792.8798828125,13628.5703125,13629.7001953125,64719800
2022-08-05,13573.9296875,13573.9296875,13693.33984375,13562.6201171875,13642.91015625,62482000
2022-08-08,13687.6904296875,13687.6904296875,13745.58984375,13604.5498046875,13703.3798828125,51639200
2022-08-09,13534.9697265625,13534.9697265625,13745.58984375,13514.7099609375,13703.3798828125,51015000
2022-08-10,13700.9296875,13700.9296875,13715.5595703125,13455.7001953125,13482.6298828125,56490500
2022-08-11,13694.509765625,13694.509765625,13763.259765625,13661.169921875,13747.0703125,54583800
2022-08-12,13795.849609375,13795.849609375,13813.0498046875,13705.01953125,13709.830078125,58498800
2022-08-15,13816.6103515625,13816.6103515625,13857.98046875,13736.0,13847.8798828125,37843500
2022-08-16,13910.1201171875,13910.1201171875,13947.849609375,13824.9697265625,13849.6201171875,50947100
2022-08-17,13626.7099609375,13626.7099609375,13930.5703125,13610.4404296875,13928.1201171875,57254300
2022-08-18,13697.41015625,13697.41015625,13775.66015625,13638.16015625,13653.8203125,47668000
2022-08-19,13544.51953125,13544.51953125,13660.33984375,13525.6904296875,13591.240234375,65997300
2022-08-22,13230.5703125,13230.5703125,13510.2900390625,13189.26953125,13471.4404296875,68371700
2022-08-23,13194.23046875,13194.23046875,13298.259765625,13156.4404296875,13163.51953125,53963000
2022-08-24,13220.0595703125,13220.0595703125,13238.6103515625,13085.2001953125,13131.1201171875,46809500
2022-08-25,13271.9599609375,13271.9599609375,13364.5498046875,13210.990234375,13328.490234375,41621200
2022-08-26,12971.4697265625,12971.4697265625,13375.01953125,12939.9599609375,13335.099609375,67305400
2022-08-29,12892.990234375,12892.990234375,12942.4599609375,12758.4404296875,12838.419921875,54303000
2022-08-30,12961.1396484375,12961.1396484375,13154.150390625,12885.080078125,12919.4296875,62479300
2022-08-31,12834.9599609375,12834.9599609375,13020.5400390625,12814.8095703125,13018.48046875,82999700
2022-09-01,12630.23046875,12630.23046875,12743.0498046875,12603.580078125,12713.75,61602700
2022-09-02,13050.26953125,13050.26953125,13051.5703125,12736.009765625,12768.4404296875,67336800
2022-09-05,12760.7802734375,12760.7802734375,12827.580078125,12617.400390625,12827.580078125,62869400
2022-09-06,12871.4404296875,12871.4404296875,12927.7900390625,12760.0400390625,12807.26953125,53636500
2022-09-07,12915.9697265625,12915.9697265625,12953.990234375,12736.08984375,12770.7197265625,67128300
2022-09-08,12904.3203125,12904.3203125,13008.8203125,12688.8701171875,12985.6103515625,71242600
2022-09-09,13088.2099609375,13088.2099609375,13121.1298828125,12925.5703125,12926.150390625,67719300
2022-09-12,13402.26953125,13402.26953125,13441.5400390625,13165.7802734375,13171.919921875,67046400
2022-09-13,13188.9501953125,13188.9501953125,13564.830078125,13183.1904296875,13450.3896484375,68434200
2022-09-14,13028.0,13028.0,13192.8203125,12952.08984375,13131.33984375,62448700
2022-09-15,12956.66015625,12956.66015625,13111.3798828125,12927.2001953125,13040.3603515625,67761600
2022-09-16,12741.259765625,12741.259765625,12815.330078125,12699.2197265625,12814.919921875,148557300
2022-09-19,12803.240234375,12803.240234375,12866.7001953125,12606.6396484375,12685.2900390625,49575200
2022-09-20,12670.830078125,12670.830078125,12936.5703125,12638.2197265625,12849.7802734375,62735600
2022-09-21,12767.150390625,12767.150390625,12771.7802734375,12520.8095703125,12555.3095703125,55268200
2022-09-22,12531.6298828125,12531.6298828125,12781.5595703125,12526.6103515625,12531.66015625,66525600
2022-09-23,12284.1904296875,12284.1904296875,12521.25,12180.759765625,12506.6396484375,86711600
2022-09-26,12227.919921875,12227.919921875,12368.490234375,12184.0,12231.83984375,67273900
2022-09-27,12139.6796875,12139.6796875,12414.08984375,12139.6796875,12332.849609375,78962200
2022-09-28,12183.2802734375,12183.2802734375,12198.3701171875,11862.83984375,12025.4296875,96220900
2022-09-29,11975.5498046875,11975.5498046875,12147.3095703125,11866.98046875,12143.2099609375,87998400
2022-09-30,12114.3603515625,12114.3603515625,12137.76953125,11973.91015625,12063.08984375,89235000
2022-10-03,12209.48046875,12209.48046875,12227.8701171875,11893.9404296875,11951.83984375,63674200
2022-10-04,12670.48046875,12670.48046875,12673.349609375,12358.98046875,12360.7197265625,80240300
2022-10-05,12517.1796875,12517.1796875,12661.8798828125,12455.3603515625,12611.0703125,62392400
2022-10-06,12470.7802734375,12470.7802734375,12643.2197265625,12421.8896484375,12593.41015625,53529600
2022-10-07,12273.0,12273.0,12497.51953125,12272.58984375,12414.7802734375,56973200
2022-10-10,12272.9404296875,12272.9404296875,12410.830078125,12174.6298828125,12175.51953125,68341800
2022-10-11,12220.25,12220.25,12258.150390625,12097.6796875,12168.66015625,64611700
2022-10-12,12172.259765625,12172.259765625,12298.6201171875,12104.6201171875,12207.9697265625,67186400
2022-10-13,12355.580078125,12355.580078125,12379.240234375,12000.4296875,12114.23046875,88446300
2022-10-14,12437.8095703125,12437.8095703125,12676.419921875,12395.990234375,12549.01953125,82478300
2022-10-17,12649.0302734375,12649.0302734375,12716.8095703125,12398.0498046875,12467.5400390625,57195500
2022-10-18,12765.6103515625,12765.6103515625,12931.759765625,12746.3603515625,12788.5302734375,65991900
2022-10-19,12741.41015625,12741.41015625,12819.1103515625,12705.259765625,12817.6298828125,63632000
2022-10-20,12767.41015625,12767.41015625,12818.33984375,12628.7802734375,12685.16015625,52824400
2022-10-21,12730.900390625,12730.900390625,12775.51953125,12548.150390625,12641.1201171875,82221400
2022-10-24,12931.4501953125,12931.4501953125,13020.4501953125,12747.3798828125,12868.76953125,62919300
2022-10-25,13052.9599609375,13052.9599609375,13053.240234375,12789.259765625,12965.1904296875,69239900
2022-10-26,13195.8095703125,13195.8095703125,13203.240234375,13023.400390625,13054.490234375,65691700
2022-10-27,13211.23046875,13211.23046875,13259.490234375,13062.0400390625,13152.990234375,72246300
2022-10-28,13243.330078125,13243.330078125,13250.66015625,13051.25,13072.919921875,64191000
2022-10-31,13253.740234375,13253.740234375,13307.08984375,13216.48046875,13254.3095703125,59049500
2022-11-01,13338.740234375,13338.740234375,13444.0703125,13287.0703125,13344.849609375,51443700
2022-11-02,13256.740234375,13256.740234375,13398.6396484375,13255.0703125,13369.330078125,54426400
2022-11-03,13130.1904296875,13130.1904296875,13194.3203125,13022.6396484375,13130.9697265625,52294100
2022-11-04,13459.849609375,13459.849609375,13542.349609375,13193.509765625,13201.240234375,76643400
2022-11-07,13533.51953125,13533.51953125,13611.2998046875,13391.0,13398.7900390625,56990600
2022-11-08,13688.75,13688.75,13689.6103515625,13487.91015625,13506.650390625,60728100
2022-11-09,13666.3203125,13666.3203125,13691.1201171875,13557.080078125,13653.98046875,64013300
2022-11-10,14146.08984375,14146.08984375,14157.25,13599.349609375,13603.7900390625,114862700
2022-11-11,14224.8603515625,14224.8603515625,14263.5302734375,14172.4697265625,14179.3896484375,103682300
2022-11-14,14313.2998046875,14313.2998046875,14431.1796875,14243.349609375,14295.8095703125,72405100
2022-11-15,14378.509765625,14378.509765625,14440.7802734375,14266.419921875,14372.419921875,77960600
2022-11-16,14234.0302734375,14234.0302734375,14382.6201171875,14195.3095703125,14374.8603515625,76202800
2022-11-17,14266.3798828125,14266.3798828125,14384.5400390625,14149.7001953125,14348.4599609375,58048700
2022-11-18,14431.8603515625,14431.8603515625,14457.759765625,14300.2099609375,14320.6103515625,93252600
2022-11-21,14379.9296875,14379.9296875,14425.9501953125,14321.83984375,14395.5302734375,48082900
2022-11-22,14422.349609375,14422.349609375,14485.490234375,14343.7998046875,14352.5400390625,50364700
2022-11-23,14427.58984375,14427.58984375,14446.330078125,14363.509765625,14438.2001953125,51115900
2022-11-24,14539.5595703125,14539.5595703125,14570.7099609375,14447.5498046875,14456.150390625,50503400
2022-11-25,14541.3798828125,14541.3798828125,14571.66015625,14498.0498046875,14547.580078125,46218800
2022-11-28,14383.3603515625,14383.3603515625,14514.73046875,14374.150390625,14471.099609375,53336900
2022-11-29,14355.4501953125,14355.4501953125,14429.8701171875,14327.0400390625,14404.669921875,51089400
2022-11-30,14397.0400390625,14397.0400390625,14487.7001953125,14363.3203125,14429.2197265625,97644000
2022-12-01,14490.2998046875,14490.2998046875,14563.7001953125,14423.7900390625,14543.7998046875,61595900
2022-12-02,14529.3896484375,14529.3896484375,14584.58984375,14372.419921875,14465.7001953125,55190800
2022-12-05,14447.6103515625,14447.6103515625,14507.16015625,14394.3701171875,14487.4296875,50074900
2022-12-06,14343.1904296875,14343.1904296875,14471.5,14305.259765625,14406.8701171875,50930900
2022-12-07,14261.1904296875,14261.1904296875,14372.349609375,14218.1796875,14304.9501953125,52784800
2022-12-08,14264.5595703125,14264.5595703125,14298.8095703125,14196.76953125,14277.75,47362200
2022-12-09,14370.7197265625,14370.7197265625,14385.5703125,14217.9599609375,14325.7998046875,52573000
2022-12-12,14306.6298828125,14306.6298828125,14366.3896484375,14262.599609375,14300.4296875,46459100
2022-12-13,14497.8896484375,14497.8896484375,14675.83984375,14302.490234375,14345.8798828125,68062200
2022-12-14,14460.2001953125,14460.2001953125,14470.740234375,14375.9501953125,14453.5400390625,59754000
2022-12-15,13986.23046875,13986.23046875,14363.1201171875,13982.58984375,14351.3095703125,87474200
2022-12-16,13893.0703125,13893.0703125,14011.259765625,13815.240234375,13978.4404296875,168807500
2022-12-19,13942.8701171875,13942.8701171875,14001.3701171875,13927.0498046875,13934.75,48853600
2022-12-20,13884.66015625,13884.66015625,13931.2900390625,13791.51953125,13829.900390625,56020300
2022-12-21,14097.8203125,14097.8203125,14099.75,13912.169921875,13944.6904296875,44585400
2022-12-22,13914.0703125,13914.0703125,14160.8701171875,13890.5400390625,14113.009765625,42893400
2022-12-23,13940.9296875,13940.9296875,14000.6796875,13874.5,13945.58984375,28738700
2022-12-27,13995.099609375,13995.099609375,14063.1396484375,13966.349609375,14047.419921875,22975000
2022-12-28,13925.599609375,13925.599609375,14018.4697265625,13914.6201171875,14013.7197265625,27583800
2022-12-29,14071.7197265625,14071.7197265625,14071.7197265625,13871.3203125,13890.8095703125,30727400
2022-12-30,13923.58984375,13923.58984375,14008.9697265625,13922.5498046875,14005.83984375,24346600
2023-01-02,14069.259765625,14069.259765625,14095.91015625,13976.4404296875,13992.7099609375,34978500
2023-01-03,14181.669921875,14181.669921875,14293.8701171875,14083.759765625,14116.0703125,57907500
2023-01-04,14490.7802734375,14490.7802734375,14492.7802734375,14264.599609375,14266.98046875,76221600
2023-01-05,14436.3095703125,14436.3095703125,14501.599609375,14403.73046875,14451.23046875,60947500
2023-01-06,14610.01953125,14610.01953125,14610.23046875,14388.98046875,14476.7197265625,55433700
2023-01-09,14792.830078125,14792.830078125,14832.8896484375,14628.6103515625,14650.73046875,64976500
2023-01-10,14774.599609375,14774.599609375,14790.8203125,14692.740234375,14741.9697265625,57438600
2023-01-11,14947.91015625,14947.91015625,14965.4697265625,14794.990234375,14805.400390625,66367800
2023-01-12,15058.2998046875,15058.2998046875,15095.0302734375,14934.509765625,14972.2802734375,65971500
2023-01-13,15086.51953125,15086.51953125,15132.3701171875,15041.16015625,15063.2099609375,66451100
2023-01-16,15134.0400390625,15134.0400390625,15153.1904296875,15083.9404296875,15112.0498046875,42102700
2023-01-17,15187.0703125,15187.0703125,15269.7099609375,15083.9501953125,15130.0302734375,57914400
2023-01-18,15181.7998046875,15181.7998046875,15250.3603515625,15156.8896484375,15182.9501953125,58258000
2023-01-19,14920.3603515625,14920.3603515625,15134.0703125,14906.26953125,15115.5498046875,64167400
2023-01-20,15033.5595703125,15033.5595703125,15034.4296875,14940.6796875,14986.51953125,64031100
2023-01-23,15102.9501953125,15102.9501953125,15145.900390625,15022.830078125,15077.400390625,39903900
2023-01-24,15093.1103515625,15093.1103515625,15147.4501953125,15022.5498046875,15140.5,48335400
2023-01-25,15081.6396484375,15081.6396484375,15114.41015625,14969.650390625,15095.7197265625,53589900
2023-01-26,15132.849609375,15132.849609375,15151.5400390625,15068.7197265625,15146.2900390625,62001200
2023-01-27,15150.0302734375,15150.0302734375,15186.490234375,15077.6201171875,15115.75,55135800
2023-01-30,15126.080078125,15126.080078125,15161.0703125,14988.98046875,15070.2998046875,54664400
2023-01-31,15128.26953125,15128.26953125,15136.2197265625,14993.58984375,15081.169921875,57047200
2023-02-01,15180.740234375,15180.740234375,15222.33984375,15107.830078125,15125.1201171875,57095200
2023-02-02,15509.1904296875,15509.1904296875,15520.9697265625,15264.3095703125,15275.0,122979300
2023-02-03,15476.4296875,15476.4296875,15476.669921875,15347.8603515625,15408.400390625,76253700
2023-02-06,15345.91015625,15345.91015625,15406.9296875,15275.5703125,15367.0400390625,54430400
2023-02-07,15320.8798828125,15320.8798828125,15363.41015625,15273.599609375,15359.58984375,56184100
2023-02-08,15412.0498046875,15412.0498046875,15486.1298828125,15371.9296875,15450.669921875,61344800
2023-02-09,15523.419921875,15523.419921875,15658.5595703125,15519.6298828125,15560.150390625,66247500
2023-02-10,15307.98046875,15307.98046875,15487.98046875,15246.3896484375,15438.9404296875,65755600
2023-02-13,15397.33984375,15397.33984375,15409.26953125,15305.9404296875,15322.0595703125,38580400
2023-02-14,15380.5595703125,15380.5595703125,15526.2802734375,15366.3701171875,15419.0,56427200
2023-02-15,15506.33984375,15506.33984375,15520.3896484375,15388.849609375,15394.4404296875,49065600
2023-02-16,15533.6396484375,15533.6396484375,15634.0400390625,15417.169921875,15612.4296875,66113500
2023-02-17,15482.0,15482.0,15514.7197265625,15300.419921875,15372.0595703125,70462400
2023-02-20,15477.5498046875,15477.5498046875,15532.4404296875,15436.7900390625,15524.16015625,33610800
2023-02-21,15397.6201171875,15397.6201171875,15470.51953125,15286.7099609375,15450.6201171875,47050500
2023-02-22,15399.8896484375,15399.8896484375,15408.580078125,15247.5,15342.599609375,54879700
2023-02-23,15475.6904296875,15475.6904296875,15552.76953125,15433.9697265625,15453.2900390625,51347600
2023-02-24,15209.740234375,15209.740234375,15530.4599609375,15162.48046875,15501.8203125,141484400
2023-02-27,15381.4296875,15381.4296875,15481.0595703125,15351.6298828125,15351.6298828125,58764200
2023-02-28,15365.1396484375,15365.1396484375,15443.169921875,15289.4296875,15299.7900390625,93757000
2023-03-01,15305.01953125,15305.01953125,15478.83984375,15254.1103515625,15399.91015625,72243100
2023-03-02,15327.6396484375,15327.6396484375,15329.2900390625,15150.669921875,15171.0703125,62593100
2023-03-03,15578.3896484375,15578.3896484375,15590.4404296875,15409.990234375,15430.66015625,67122500
2023-03-06,15653.580078125,15653.580078125,15677.9296875,15587.7802734375,15597.900390625,69392600
2023-03-07,15559.5302734375,15559.5302734375,15706.3701171875,15544.0703125,15638.4404296875,68603300
2023-03-08,15631.8701171875,15631.8701171875,15667.2099609375,15524.849609375,15528.8095703125,64604200
2023-03-09,15633.2099609375,15633.2099609375,15667.0498046875,15535.1298828125,15619.75,59687500
2023-03-10,15427.9697265625,15427.9697265625,15495.8701171875,15316.3798828125,15369.669921875,114116400
2023-03-13,14959.4697265625,14959.4697265625,15435.8095703125,14887.4404296875,15435.16015625,157697900
2023-03-14,15232.830078125,15232.830078125,15272.1103515625,14951.7099609375,15016.5302734375,101464500
2023-03-15,14735.259765625,14735.259765625,15246.169921875,14702.91015625,15175.4404296875,157452200
2023-03-16,14967.099609375,14967.099609375,15018.3095703125,14664.169921875,14973.83984375,141054600
2023-03-17,14768.2001953125,14768.2001953125,15153.1103515625,14694.259765625,15073.759765625,217024000
2023-03-20,14933.3798828125,14933.3798828125,14980.4296875,14458.3896484375,14715.400390625,125262600
2023-03-21,15195.33984375,15195.33984375,15253.099609375,15055.9296875,15062.0595703125,94322300
2023-03-22,15216.1904296875,15216.1904296875,15298.490234375,15166.9501953125,15174.669921875,82685900
2023-03-23,15210.3896484375,15210.3896484375,15244.3203125,15078.7197265625,15178.25,82739800
2023-03-24,14957.23046875,14957.23046875,15135.650390625,14809.8203125,15135.5,181078000
2023-03-27,15127.6796875,15127.6796875,15185.349609375,15020.0703125,15133.6796875,90911900
2023-03-28,15142.01953125,15142.01953125,15261.490234375,15103.759765625,15255.9296875,73013800
2023-03-29,15328.7802734375,15328.7802734375,15342.26953125,15186.75,15242.51953125,81824600
2023-03-30,15522.400390625,15522.400390625,15536.419921875,15424.6904296875,15429.3798828125,77412500
2023-03-31,15628.83984375,15628.83984375,15659.0595703125,15499.83984375,15568.3701171875,86968700
2023-04-03,15580.919921875,15580.919921875,15659.349609375,15553.900390625,15623.4501953125,70893100
2023-04-04,15603.4697265625,15603.4697265625,15736.5595703125,15601.400390625,15639.01953125,64484200
2023-04-05,15520.169921875,15520.169921875,15627.2900390625,15482.8798828125,15611.6796875,78217100
2023-04-06,15597.8896484375,15597.8896484375,15601.490234375,15509.08984375,15530.2001953125,62790900
2023-04-11,15655.169921875,15655.169921875,15726.01953125,15625.7900390625,15710.4501953125,63070200
2023-04-12,15703.599609375,15703.599609375,15827.2802734375,15668.2001953125,15689.1396484375,65206700
2023-04-13,15729.4599609375,15729.4599609375,15754.990234375,15675.150390625,15708.2099609375,53361500
2023-04-14,15807.5,15807.5,15841.4697265625,15760.3203125,15789.7802734375,78563300
2023-04-17,15789.5302734375,15789.5302734375,15903.25,15764.3798828125,15838.8896484375,60200000
2023-04-18,15882.669921875,15882.669921875,15916.2802734375,15802.75,15841.5,63384400
2023-04-19,15895.2001953125,15895.2001953125,15908.4697265625,15829.5498046875,15850.51953125,55122300
2023-04-20,15795.9697265625,15795.9697265625,15883.3095703125,15734.25,15864.150390625,74754500
2023-04-21,15881.66015625,15881.66015625,15899.6201171875,15706.830078125,15782.580078125,77403200
2023-04-24,15863.9501953125,15863.9501953125,15919.1103515625,15831.099609375,15852.26953125,50552200
2023-04-25,15872.1298828125,15872.1298828125,15891.73046875,15794.8095703125,15836.7900390625,66489300
2023-04-26,15795.73046875,15795.73046875,15826.01953125,15694.3603515625,15804.5,74374600
2023-04-27,15800.4501953125,15800.4501953125,15859.25,15706.6904296875,15739.349609375,79622200
2023-04-28,15922.3798828125,15922.3798828125,15922.3798828125,15688.169921875,15884.7900390625,91511200
2023-05-02,15726.9404296875,15726.9404296875,16011.5595703125,15707.5498046875,15950.3603515625,80224800
2023-05-03,15815.0595703125,15815.0595703125,15868.8798828125,15745.98046875,15774.01953125,61988400
2023-05-04,15734.240234375,15734.240234375,15796.7099609375,15662.3203125,15781.4599609375,81687600
2023-05-05,15961.01953125,15961.01953125,15961.5400390625,15755.9697265625,15837.4404296875,69955200
2023-05-08,15952.830078125,15952.830078125,15996.16015625,15933.6904296875,15967.5703125,40927300
2023-05-09,15955.48046875,15955.48046875,15962.6201171875,15879.5595703125,15950.8896484375,60426400
2023-05-10,15896.23046875,15896.23046875,15984.8203125,15848.6904296875,15973.3798828125,67473800
2023-05-11,15834.91015625,15834.91015625,15970.5400390625,15754.759765625,15943.849609375,67890500
2023-05-12,15913.8203125,15913.8203125,15938.009765625,15852.099609375,15918.25,62915400
2023-05-15,15917.240234375,15917.240234375,15982.099609375,15874.240234375,15966.9599609375,53099400
2023-05-16,15897.9296875,15897.9296875,15968.41015625,15862.3701171875,15892.7802734375,63874300
2023-05-17,15951.2998046875,15951.2998046875,15992.76953125,15862.150390625,15883.6103515625,89827900
2023-05-18,16163.3603515625,16163.3603515625,16230.4404296875,16069.419921875,16069.419921875,73640100
2023-05-19,16275.3798828125,16275.3798828125,16331.9404296875,16203.599609375,16233.1103515625,90102600
2023-05-22,16223.990234375,16223.990234375,16267.9296875,16196.3603515625,16235.98046875,54200300
2023-05-23,16152.8603515625,16152.8603515625,16224.3203125,16143.98046875,16186.4404296875,56755000
2023-05-24,15842.1298828125,15842.1298828125,16013.2900390625,15802.8603515625,16008.51953125,65922900
2023-05-25,15793.7998046875,15793.7998046875,15872.599609375,15726.5,15872.4599609375,66145400
2023-05-26,15983.9697265625,15983.9697265625,16008.58984375,15726.740234375,15850.08984375,57308100
2023-05-29,15952.73046875,15952.73046875,16079.73046875,15925.2197265625,16064.1298828125,24247000
2023-05-30,15908.91015625,15908.91015625,16058.4296875,15889.4599609375,15962.3095703125,54563500
2023-05-31,15664.01953125,15664.01953125,15871.7001953125,15629.1201171875,15757.4296875,172555100
2023-06-01,15853.66015625,15853.66015625,15863.41015625,15734.8603515625,15744.009765625,55198400
2023-06-02,16051.23046875,16051.23046875,16071.3203125,15922.6103515625,15949.0400390625,96604000
2023-06-05,15963.8896484375,15963.8896484375,16114.83984375,15928.4404296875,16079.8603515625,63777600
2023-06-06,15992.4404296875,15992.4404296875,16009.2802734375,15925.5595703125,15939.3095703125,52413000
2023-06-07,15960.5595703125,15960.5595703125,16020.2802734375,15909.849609375,15998.099609375,67870200
2023-06-08,15989.9599609375,15989.9599609375,16019.0,15913.9501953125,15951.6103515625,59532100
2023-06-09,15949.83984375,15949.83984375,15998.900390625,15924.509765625,15993.01953125,58242200
2023-06-12,16097.8701171875,16097.8701171875,16126.2998046875,16021.5498046875,16052.91015625,61393600
2023-06-13,16230.6796875,16230.6796875,16232.7001953125,16088.4697265625,16218.2001953125,72345000
2023-06-14,16310.7900390625,16310.7900390625,16336.26953125,16217.4501953125,16219.08984375,75755600
2023-06-15,16290.1201171875,16290.1201171875,16301.73046875,16165.66015625,16275.73046875,80150500
2023-06-16,16357.6298828125,16357.6298828125,16427.419921875,16276.7900390625,16306.6298828125,211233000
2023-06-19,16201.2001953125,16201.2001953125,16302.2900390625,16189.5703125,16272.2099609375,52459700
2023-06-20,16111.3203125,16111.3203125,16184.2998046875,16069.099609375,16100.2900390625,68396400
2023-06-21,16023.1298828125,16023.1298828125,16145.2900390625,16002.26953125,16082.75,62212100
2023-06-22,15988.16015625,15988.16015625,15988.2099609375,15810.48046875,15867.650390625,65000700
2023-06-23,15829.9404296875,15829.9404296875,15917.1396484375,15733.1201171875,15862.7900390625,108856500
2023-06-26,15813.0595703125,15813.0595703125,15874.900390625,15713.7001953125,15874.150390625,72427600
2023-06-27,15846.8603515625,15846.8603515625,15895.7001953125,15758.1298828125,15873.73046875,63273400
2023-06-28,15949.0,15949.0,15994.3095703125,15906.8798828125,15922.7099609375,69914300
2023-06-29,15946.7197265625,15946.7197265625,15998.669921875,15920.0400390625,15960.4697265625,54568800
2023-06-30,16147.900390625,16147.900390625,16176.5498046875,15978.900390625,15989.4296875,85583300
2023-07-03,16081.0400390625,16081.0400390625,16209.2900390625,16070.490234375,16187.91015625,52047600
2023-07-04,16039.169921875,16039.169921875,16103.9501953125,16023.7197265625,16082.9296875,42493900
2023-07-05,15937.580078125,15937.580078125,15982.9599609375,15901.3896484375,15930.16015625,66456400
2023-07-06,15528.5400390625,15528.5400390625,15846.25,15495.83984375,15816.1103515625,80363000
2023-07-07,15603.400390625,15603.400390625,15661.41015625,15456.16015625,15515.0,67259700
2023-07-10,15673.16015625,15673.16015625,15722.0302734375,15545.330078125,15585.33984375,53384600
2023-07-11,15790.33984375,15790.33984375,15807.66015625,15659.099609375,15716.259765625,60828200
2023-07-12,16023.0,16023.0,16044.2802734375,15806.2802734375,15842.259765625,72341400
2023-07-13,16141.0302734375,16141.0302734375,16185.1103515625,16000.3798828125,16009.259765625,64992600
2023-07-14,16105.0703125,16105.0703125,16149.1201171875,16071.740234375,16123.1298828125,61718900
2023-07-17,16068.650390625,16068.650390625,16102.509765625,15995.4501953125,16013.51953125,45553500
2023-07-18,16125.490234375,16125.490234375,16140.2001953125,16031.0703125,16042.0302734375,56765300
2023-07-19,16108.9296875,16108.9296875,16240.7900390625,16075.169921875,16190.0,62950200
2023-07-20,16204.2197265625,16204.2197265625,16211.4296875,16050.98046875,16059.2197265625,66295300
2023-07-21,16177.2197265625,16177.2197265625,16181.33984375,16103.48046875,16125.2099609375,69913700
2023-07-24,16190.9501953125,16190.9501953125,16208.759765625,16121.26953125,16126.7099609375,51532000
2023-07-25,16211.58984375,16211.58984375,16225.8896484375,16135.599609375,16169.75,56468900
2023-07-26,16131.4599609375,16131.4599609375,16212.91015625,16000.0400390625,16183.7001953125,76242600
2023-07-27,16406.029296875,16406.029296875,16408.80078125,16131.6396484375,16162.16015625,96512200
2023-07-28,16469.75,16469.75,16490.130859375,16336.419921875,16356.3798828125,70297300
2023-07-31,16446.830078125,16446.830078125,16528.970703125,16427.470703125,16434.66015625,60748100
2023-08-01,16240.400390625,16240.400390625,16430.66015625,16240.400390625,16414.7890625,63456600
2023-08-02,16020.01953125,16020.01953125,16140.759765625,15955.3095703125,16027.650390625,74404800
2023-08-03,15893.3798828125,15893.3798828125,15920.3203125,15807.849609375,15879.0302734375,82642000
2023-08-04,15951.8603515625,15951.8603515625,15973.9599609375,15784.51953125,15917.009765625,77046600
2023-08-07,15950.759765625,15950.759765625,15962.6103515625,15824.7802734375,15877.5400390625,68246900
2023-08-08,15774.9296875,15774.9296875,15946.5703125,15706.3095703125,15868.3095703125,80939300
2023-08-09,15852.580078125,15852.580078125,15983.7802734375,15831.080078125,15918.0595703125,65516200
2023-08-10,15996.51953125,15996.51953125,16060.26953125,15880.41015625,15921.419921875,74907500
2023-08-11,15832.169921875,15832.169921875,15962.4501953125,15803.080078125,15927.7900390625,60296700
2023-08-14,15904.25,15904.25,15937.7802734375,15817.58984375,15818.2099609375,43608500
2023-08-15,15767.2802734375,15767.2802734375,15923.1298828125,15703.0302734375,15909.5703125,45352200
2023-08-16,15789.4501953125,15789.4501953125,15814.66015625,15725.099609375,15737.01953125,39651700
2023-08-17,15676.900390625,15676.900390625,15793.5302734375,15664.2998046875,15712.9404296875,48603400
2023-08-18,15574.259765625,15574.259765625,15612.8798828125,15468.650390625,15597.1201171875,59909500
2023-08-21,15603.2802734375,15603.2802734375,15710.2099609375,15571.8203125,15573.9501953125,45251100
2023-08-22,15705.6201171875,15705.6201171875,15799.33984375,15677.4404296875,15684.6396484375,42807400
2023-08-23,15728.41015625,15728.41015625,15820.9501953125,15672.4296875,15761.25,53425400
2023-08-24,15621.490234375,15621.490234375,15896.740234375,15618.6904296875,15876.2197265625,48251600
2023-08-25,15631.8203125,15631.8203125,15739.7802734375,15578.9697265625,15582.9501953125,44315200
2023-08-28,15792.6103515625,15792.6103515625,15804.9501953125,15673.8896484375,15756.4697265625,43473300
2023-08-29,15930.8798828125,15930.8798828125,15942.1201171875,15805.419921875,15844.759765625,49760000
2023-08-30,15891.9296875,15891.9296875,15960.400390625,15823.330078125,15956.919921875,49478600
2023-08-31,15947.080078125,15947.080078125,16042.66015625,15914.4296875,15937.3896484375,92766900
2023-09-01,15840.33984375,15840.33984375,15984.58984375,15840.25,15936.33984375,54045200
2023-09-04,15824.849609375,15824.849609375,15958.740234375,15795.9697265625,15904.6298828125,34752500
2023-09-05,15771.7099609375,15771.7099609375,15838.4404296875,15691.490234375,15729.7802734375,73334000
2023-09-06,15741.3701171875,15741.3701171875,15781.8896484375,15676.509765625,15712.58984375,63047100
2023-09-07,15718.66015625,15718.66015625,15794.7197265625,15661.3798828125,15661.66015625,59410800
2023-09-08,15740.2998046875,15740.2998046875,15783.3798828125,15577.0400390625,15777.5595703125,63810400
2023-09-11,15800.990234375,15800.990234375,15867.5703125,15771.0703125,15799.419921875,65431300
2023-09-12,15715.5302734375,15715.5302734375,15808.3798828125,15686.33984375,15804.080078125,58026400
2023-09-13,15654.0302734375,15654.0302734375,15726.599609375,15564.6396484375,15648.919921875,68861200
2023-09-14,15805.2900390625,15805.2900390625,15824.0595703125,15588.1201171875,15652.41015625,77633300
2023-09-15,15893.5302734375,15893.5302734375,15989.2998046875,15871.169921875,15940.3896484375,179829200
2023-09-18,15727.1201171875,15727.1201171875,15870.6201171875,15693.8701171875,15858.8095703125,58899600
2023-09-19,15664.48046875,15664.48046875,15743.900390625,15630.9404296875,15688.0703125,53581800
2023-09-20,15781.58984375,15781.58984375,15810.3603515625,15699.33984375,15703.08984375,54733100
2023-09-21,15571.8603515625,15571.8603515625,15696.66015625,15548.6904296875,15650.98046875,65995100
2023-09-22,15557.2900390625,15557.2900390625,15592.26953125,15471.75,15473.7998046875,70200200
2023-09-25,15405.490234375,15405.490234375,15572.1396484375,15329.400390625,15513.3203125,64522900
2023-09-26,15255.8701171875,15255.8701171875,15360.4296875,15229.349609375,15330.91015625,69660000
2023-09-27,15217.4501953125,15217.4501953125,15299.6796875,15194.6796875,15225.580078125,72319500
2023-09-28,15323.5,15323.5,15323.73046875,15138.66015625,15229.099609375,60119100
2023-09-29,15386.580078125,15386.580078125,15515.990234375,15382.5595703125,15394.8203125,110121500
2023-10-02,15247.2099609375,15247.2099609375,15476.3798828125,15192.009765625,15439.9599609375,61416800
2023-10-03,15085.2099609375,15085.2099609375,15257.8603515625,15074.849609375,15184.490234375,64881000
2023-10-04,15099.919921875,15099.919921875,15174.6298828125,14948.080078125,14979.8095703125,75006400
2023-10-05,15070.2197265625,15070.2197265625,15157.7001953125,15048.419921875,15113.9404296875,47650800
2023-10-06,15229.76953125,15229.76953125,15230.8896484375,15033.5498046875,15109.16015625,65528500
2023-10-09,15128.1103515625,15128.1103515625,15201.0595703125,15077.66015625,15143.2900390625,52471000
2023-10-10,15423.51953125,15423.51953125,15443.4501953125,15272.5703125,15272.5703125,62641300
2023-10-11,15460.009765625,15460.009765625,15486.1103515625,15361.740234375,15366.7802734375,65776100
2023-10-12,15425.0302734375,15425.0302734375,15575.2802734375,15413.2001953125,15537.8701171875,52453700
2023-10-13,15186.66015625,15186.66015625,15409.8896484375,15178.0703125,15400.08984375,63240100
2023-10-16,15237.990234375,15237.990234375,15271.509765625,15103.1201171875,15219.419921875,55502000
2023-10-17,15251.6904296875,15251.6904296875,15288.3203125,15117.240234375,15211.2900390625,49443000
2023-10-18,15094.91015625,15094.91015625,15271.150390625,15081.6904296875,15244.0498046875,62492400
2023-10-19,15045.23046875,15045.23046875,15104.3701171875,14984.58984375,15060.650390625,69923300
2023-10-20,14798.4697265625,14798.4697265625,14936.490234375,14798.4697265625,14872.01953125,90638400
2023-10-23,14800.7197265625,14800.7197265625,14838.009765625,14630.2099609375,14823.0302734375,61261000
2023-10-24,14879.9404296875,14879.9404296875,14916.599609375,14750.3203125,14802.51953125,62022100
2023-10-25,14892.1796875,14892.1796875,14933.6904296875,14789.6298828125,14870.6298828125,88086100
2023-10-26,14731.0498046875,14731.0498046875,14795.41015625,14655.080078125,14696.2197265625,121803600
2023-10-27,14687.41015625,14687.41015625,14824.2900390625,14667.3701171875,14757.1103515625,86539200
2023-10-30,14716.5400390625,14716.5400390625,14798.0,14678.73046875,14770.9501953125,76179000
2023-10-31,14810.33984375,14810.33984375,14829.6201171875,14722.3798828125,14741.4404296875,75370200
2023-11-01,14923.26953125,14923.26953125,14949.580078125,14786.3203125,14851.9599609375,63588700
2023-11-02,15143.599609375,15143.599609375,15202.4296875,15028.0302734375,15033.650390625,89446500
2023-11-03,15189.25,15189.25,15269.5,15149.7197265625,15203.7998046875,93603800
2023-11-06,15135.9697265625,15135.9697265625,15223.41015625,15110.83984375,15219.3203125,59212500
2023-11-07,15152.6396484375,15152.6396484375,15194.5302734375,15068.25,15084.7900390625,62049600
2023-11-08,15229.599609375,15229.599609375,15287.73046875,15086.41015625,15093.48046875,107586700
2023-11-09,15352.5400390625,15352.5400390625,15364.490234375,15212.990234375,15246.5,68377100
2023-11-10,15234.3896484375,15234.3896484375,15309.51953125,15171.580078125,15296.580078125,77014100
2023-11-13,15345.0,15345.0,15346.7900390625,15252.26953125,15285.1201171875,65170400
2023-11-14,15614.4296875,15614.4296875,15632.4404296875,15337.599609375,15358.58984375,98894400
2023-11-15,15748.169921875,15748.169921875,15759.83984375,15628.1904296875,15631.669921875,91670700
2023-11-16,15786.6103515625,15786.6103515625,15862.08984375,15783.509765625,15806.91015625,68438900
2023-11-17,15919.16015625,15919.16015625,15952.4501953125,15826.669921875,15828.7802734375,81125800
2023-11-20,15901.330078125,15901.330078125,15929.9296875,15854.8203125,15915.240234375,93605500
2023-11-21,15900.5302734375,15900.5302734375,15948.0703125,15891.3095703125,15911.01953125,70926900
2023-11-22,15957.8203125,15957.8203125,15998.41015625,15931.740234375,15965.1298828125,58757800
2023-11-23,15994.73046875,15994.73046875,16005.4501953125,15958.0595703125,15976.6201171875,38717400
2023-11-24,16029.490234375,16029.490234375,16041.169921875,15972.669921875,15988.1904296875,46227600
2023-11-27,15966.3701171875,15966.3701171875,16039.419921875,15957.9599609375,16007.259765625,50564800
2023-11-28,15992.669921875,15992.669921875,15993.419921875,15915.400390625,15939.1904296875,60601100
2023-11-29,16166.4501953125,16166.4501953125,16208.9697265625,16010.48046875,16013.16015625,69366600
2023-11-30,16215.4296875,16215.4296875,16262.9599609375,16169.1103515625,16204.740234375,108532100
2023-12-01,16397.51953125,16397.51953125,16399.060546875,16279.4501953125,16296.919921875,68139400
2023-12-04,16404.759765625,16404.759765625,16455.6796875,16386.80078125,16390.169921875,52149300
2023-12-05,16533.109375,16533.109375,16551.33984375,16394.01953125,16405.140625,63916000
2023-12-06,16656.439453125,16656.439453125,16727.0703125,16536.119140625,16565.650390625,78581700
2023-12-07,16628.990234375,16628.990234375,16655.30078125,16595.109375,16623.890625,76803200
2023-12-08,16759.220703125,16759.220703125,16782.720703125,16630.1796875,16644.619140625,77814500
2023-12-11,16794.4296875,16794.4296875,16817.810546875,16734.26953125,16760.58984375,66736100
2023-12-12,16791.740234375,16791.740234375,16837.1796875,16753.810546875,16823.009765625,67862500
2023-12-13,16766.05078125,16766.05078125,16836.44921875,16760.119140625,16811.560546875,65413500
2023-12-14,16752.23046875,16752.23046875,17003.279296875,16670.349609375,16948.7890625,141290100
2023-12-15,16751.439453125,16751.439453125,16890.109375,16713.69921875,16822.5,173711500
2023-12-18,16650.55078125,16650.55078125,16744.26953125,16624.650390625,16683.689453125,56720400
2023-12-19,16744.41015625,16744.41015625,16750.509765625,16656.640625,16657.439453125,59217500
2023-12-20,16733.05078125,16733.05078125,16789.9609375,16694.560546875,16779.41015625,63366400
2023-12-21,16687.419921875,16687.419921875,16708.349609375,16624.16015625,16667.310546875,57871300
2023-12-22,16706.1796875,16706.1796875,16735.3203125,16651.779296875,16673.30078125,46295300
2023-12-27,16742.0703125,16742.0703125,16775.7109375,16697.580078125,16727.76953125,37678900
2023-12-28,16701.55078125,16701.55078125,16783.7890625,16688.51953125,16780.94921875,36091600
2023-12-29,16751.640625,16751.640625,16758.529296875,16726.970703125,16729.259765625,26861900
2024-01-02,16769.359375,16769.359375,16963.470703125,16648.80078125,16828.75,59893300
2024-01-03,16538.390625,16538.390625,16784.0703125,16479.919921875,16771.349609375,70845800
2024-01-04,16617.2890625,16617.2890625,16626.83984375,16501.400390625,16563.689453125,65869400
2024-01-05,16594.2109375,16594.2109375,16645.890625,16448.7109375,16504.880859375,66762900
2024-01-08,16716.470703125,16716.470703125,16716.470703125,16517.490234375,16618.509765625,55073400
2024-01-09,16688.359375,16688.359375,16743.26953125,16611.529296875,16743.26953125,59798500
2024-01-10,16689.810546875,16689.810546875,16753.689453125,16654.990234375,16703.119140625,61300900
2024-01-11,16547.029296875,16547.029296875,16839.490234375,16541.380859375,16775.919921875,72206800
2024-01-12,16704.560546875,16704.560546875,16752.240234375,16608.0,16649.44921875,62163000
2024-01-15,16622.220703125,16622.220703125,16736.16015625,16609.220703125,16723.240234375,47795000
2024-01-16,16571.6796875,16571.6796875,16581.9296875,16476.08984375,16497.5390625,73101900
2024-01-17,16431.689453125,16431.689453125,16435.6796875,16345.01953125,16400.419921875,71437800
2024-01-18,16567.349609375,16567.349609375,16579.119140625,16421.19921875,16440.66015625,72318600
2024-01-19,16555.130859375,16555.130859375,16647.849609375,16513.4609375,16626.529296875,66146800
2024-01-22,16683.359375,16683.359375,16705.490234375,16607.720703125,16684.099609375,67438700
2024-01-23,16627.08984375,16627.08984375,16753.08984375,16626.58984375,16753.08984375,64365600
2024-01-24,16889.919921875,16889.919921875,16921.41015625,16760.919921875,16793.26953125,74569200
2024-01-25,16906.919921875,16906.919921875,16916.599609375,16785.689453125,16849.759765625,62016700
2024-01-26,16961.390625,16961.390625,16967.720703125,16849.310546875,16879.009765625,84664200
2024-01-29,16941.7109375,16941.7109375,16941.7109375,16860.05078125,16925.390625,65956600
2024-01-30,16972.33984375,16972.33984375,16999.580078125,16946.560546875,16991.369140625,61107500
2024-01-31,16903.759765625,16903.759765625,16991.83984375,16884.869140625,16972.470703125,84388500
2024-02-01,16859.0390625,16859.0390625,16915.919921875,16821.599609375,16834.130859375,89451400
2024-02-02,16918.2109375,16918.2109375,17004.55078125,16894.669921875,16977.75,85847300
2024-02-05,16904.060546875,16904.060546875,16972.619140625,16859.0,16925.970703125,69935700
2024-02-06,17033.240234375,17033.240234375,17049.51953125,16871.3203125,16965.890625,75544200
2024-02-07,16921.9609375,16921.9609375,17021.55078125,16907.150390625,17020.76953125,93039700
2024-02-08,16963.830078125,16963.830078125,17029.5390625,16889.130859375,16936.140625,67419300
2024-02-09,16926.5,16926.5,16993.119140625,16876.359375,16973.580078125,61639700
2024-02-12,17037.349609375,17037.349609375,17042.740234375,16958.80078125,16975.990234375,53286500
2024-02-13,16880.830078125,16880.830078125,16991.609375,16831.529296875,16987.08984375,62956700
2024-02-14,16945.48046875,16945.48046875,16957.779296875,16857.33984375,16872.890625,53717300
2024-02-15,17046.689453125,17046.689453125,17089.119140625,17003.8203125,17022.5390625,83791100
2024-02-16,17117.439453125,17117.439453125,17198.44921875,17060.380859375,17117.369140625,76375500
2024-02-19,17092.259765625,17092.259765625,17098.609375,17049.220703125,17075.740234375,43224700
2024-02-20,17068.4296875,17068.4296875,17084.869140625,17019.150390625,17066.23046875,62710700
2024-02-21,17118.119140625,17118.119140625,17157.94921875,17063.25,17102.080078125,59403800
2024-02-22,17370.44921875,17370.44921875,17429.66015625,17279.73046875,17326.759765625,86130500
2024-02-23,17419.330078125,17419.330078125,17443.740234375,17354.759765625,17372.009765625,76799700
2024-02-26,17423.23046875,17423.23046875,17460.529296875,17396.400390625,17396.740234375,53156400
2024-02-27,17556.490234375,17556.490234375,17563.41015625,17428.169921875,17431.369140625,59725400
2024-02-28,17601.220703125,17601.220703125,17605.609375,17552.98046875,17569.609375,56644500
2024-02-29,17678.189453125,17678.189453125,17742.48046875,17620.109375,17634.609375,102738500
2024-03-01,17735.0703125,17735.0703125,17816.51953125,17690.890625,17793.470703125,85782600
2024-03-04,17716.169921875,17716.169921875,17756.390625,17684.73046875,17743.439453125,1220700
2024-03-05,17698.400390625,17698.400390625,17746.5703125,17643.109375,17682.779296875,74178400
2024-03-06,17716.7109375,17716.7109375,17745.16015625,17682.509765625,17685.919921875,91487700
2024-03-07,17842.849609375,17842.849609375,17879.109375,17619.400390625,17648.890625,86702800
2024-03-08,17814.509765625,17814.509765625,17860.509765625,17795.130859375,17849.849609375,67940300
2024-03-11,17746.26953125,17746.26953125,17750.720703125,17662.55078125,17690.94921875,66646400
2024-03-12,17965.109375,17965.109375,17973.220703125,17746.890625,17810.150390625,91388300
2024-03-13,17961.380859375,17961.380859375,18001.419921875,17939.560546875,17984.5,92880500
2024-03-14,17942.0390625,17942.0390625,18039.05078125,17899.9296875,18002.970703125,93590600
2024-03-15,17936.650390625,17936.650390625,18038.109375,17926.720703125,17938.140625,202910600
2024-03-18,17932.6796875,17932.6796875,18015.490234375,17902.919921875,17936.310546875,63024300
2024-03-19,17987.490234375,17987.490234375,17998.0390625,17914.1796875,17932.1796875,73421100
2024-03-20,18015.130859375,18015.130859375,18044.490234375,17955.689453125,17987.91015625,61711000
2024-03-21,18179.25,18179.25,18179.810546875,18019.859375,18019.859375,79118500
2024-03-22,18205.939453125,18205.939453125,18225.970703125,18140.990234375,18175.080078125,68616300
2024-03-25,18261.310546875,18261.310546875,18285.580078125,18176.849609375,18206.359375,53804600
2024-03-26,18384.349609375,18384.349609375,18411.98046875,18256.810546875,18262.109375,58786600
2024-03-27,18477.08984375,18477.08984375,18511.169921875,18385.169921875,18385.169921875,66344700
2024-03-28,18492.490234375,18492.490234375,18513.830078125,18468.869140625,18477.400390625,75716300
2024-04-02,18283.130859375,18283.130859375,18567.16015625,18275.939453125,18492.359375,82077300
2024-04-03,18367.720703125,18367.720703125,18376.080078125,18281.8203125,18281.8203125,76334900
2024-04-04,18403.130859375,18403.130859375,18427.4296875,18340.240234375,18366.369140625,62521400
2024-04-05,18175.0390625,18175.0390625,18401.830078125,18088.029296875,18401.830078125,77046500
2024-04-08,18318.970703125,18318.970703125,18326.369140625,18163.390625,18163.390625,61073600
2024-04-09,18076.689453125,18076.689453125,18318.509765625,18058.220703125,18318.400390625,65276400
2024-04-10,18097.30078125,18097.30078125,18239.5,17975.83984375,18078.890625,83348200
2024-04-11,17954.48046875,17954.48046875,18101.310546875,17864.689453125,18096.509765625,84365100
2024-04-12,17930.3203125,17930.3203125,18162.560546875,17860.73046875,17965.94921875,78993900
2024-04-15,18026.580078125,18026.580078125,18191.94921875,17937.619140625,17937.619140625,65138500
2024-04-16,17766.23046875,17766.23046875,18022.689453125,17713.5,18022.169921875,73217300
2024-04-17,17770.01953125,17770.01953125,17907.580078125,17731.7890625,17764.029296875,55970700
2024-04-18,17837.400390625,17837.400390625,17863.3203125,17716.919921875,17775.41015625,60700500
2024-04-19,17737.359375,17737.359375,17834.869140625,17626.900390625,17834.830078125,79447700
2024-04-22,17860.80078125,17860.80078125,17889.470703125,17738.0390625,17738.0390625,62454400
2024-04-23,18137.650390625,18137.650390625,18144.66015625,17861.19921875,17861.19921875,68529200
2024-04-24,18088.69921875,18088.69921875,18226.3203125,18060.259765625,18140.189453125,75104600
2024-04-25,17917.279296875,17917.279296875,18100.75,17795.9609375,18088.169921875,101517300
2024-04-26,18161.009765625,18161.009765625,18199.7109375,17920.73046875,17920.73046875,76008600
2024-04-29,18118.3203125,18118.3203125,18235.80078125,18103.4296875,18162.150390625,77251000
2024-04-30,17932.169921875,17932.169921875,18153.689453125,17920.720703125,18119.9296875,88206200
2024-05-02,17896.5,17896.5,17981.0390625,17875.98046875,17935.779296875,71332200
2024-05-03,18001.599609375,18001.599609375,18105.8203125,17900.01953125,17900.150390625,71259900
2024-05-06,18175.2109375,18175.2109375,18199.150390625,18001.130859375,18001.130859375,46036600
2024-05-07,18430.05078125,18430.05078125,18442.400390625,18175.2109375,18175.2109375,85365200
2024-05-08,18498.380859375,18498.380859375,18542.099609375,18427.259765625,18430.25,74222500
2024-05-09,18686.599609375,18686.599609375,18699.2890625,18488.0390625,18498.08984375,53613600
2024-05-10,18772.849609375,18772.849609375,18845.859375,18686.849609375,18686.849609375,87914100
2024-05-13,18742.220703125,18742.220703125,18799.76953125,18706.080078125,18773.240234375,66373100
2024-05-14,18716.419921875,18716.419921875,18748.759765625,18629.029296875,18735.83984375,73288600
2024-05-15,18869.359375,18869.359375,18892.919921875,18719.810546875,18719.810546875,81628700
2024-05-16,18738.810546875,18738.810546875,18890.779296875,18716.330078125,18874.849609375,76322100
2024-05-17,18704.419921875,18704.419921875,18724.01953125,18627.91015625,18713.25,75994100
2024-05-20,18768.9609375,18768.9609375,18804.0,18710.130859375,18710.130859375,41185400
2024-05-21,18726.759765625,18726.759765625,18768.640625,18638.140625,18768.640625,65727800
2024-05-22,18680.19921875,18680.19921875,18731.650390625,18642.19921875,18731.650390625,57984200
2024-05-23,18691.3203125,18691.3203125,18766.6796875,18639.169921875,18682.48046875,63719300
2024-05-24,18693.369140625,18693.369140625,18706.650390625,18515.83984375,18687.599609375,53855900
2024-05-27,18774.7109375,18774.7109375,18775.130859375,18680.810546875,18703.130859375,37335400
2024-05-28,18677.869140625,18677.869140625,18855.05078125,18635.0390625,18775.55078125,52670400
2024-05-29,18473.2890625,18473.2890625,18677.69921875,18438.009765625,18677.69921875,59553600
2024-05-30,18496.7890625,18496.7890625,18531.849609375,18394.4296875,18465.470703125,52348300
2024-05-31,18497.939453125,18497.939453125,18542.26953125,18426.720703125,18495.220703125,144013800
2024-06-03,18608.16015625,18608.16015625,18697.08984375,18503.7890625,18503.7890625,54181600
2024-06-04,18405.640625,18405.640625,18608.30078125,18365.529296875,18608.30078125,81414800
2024-06-05,18575.939453125,18575.939453125,18624.359375,18406.060546875,18406.060546875,63882100
2024-06-06,18652.669921875,18652.669921875,18784.650390625,18576.580078125,18576.580078125,60878800
2024-06-07,18557.26953125,18557.26953125,18649.080078125,18424.599609375,18649.080078125,61383200
2024-06-10,18494.890625,18494.890625,18550.330078125,18359.419921875,18550.330078125,53451600
2024-06-11,18369.939453125,18369.939453125,18543.0390625,18281.560546875,18497.849609375,63755500
2024-06-12,18630.859375,18630.859375,18651.69921875,18368.51953125,18368.51953125,61490000
2024-06-13,18265.6796875,18265.6796875,18632.009765625,18253.419921875,18632.009765625,72490900
2024-06-14,18002.01953125,18002.01953125,18304.7890625,17951.169921875,18267.6796875,92522600
2024-06-17,18068.2109375,18068.2109375,18149.330078125,17969.5390625,18008.23046875,57818800
2024-06-18,18131.970703125,18131.970703125,18214.19921875,18073.240234375,18073.439453125,50843000
2024-06-19,18067.91015625,18067.91015625,18148.009765625,18055.630859375,18131.349609375,52036900
2024-06-20,18254.1796875,18254.1796875,18254.1796875,18068.580078125,18068.669921875,59523600
2024-06-21,18163.51953125,18163.51953125,18257.939453125,18090.0390625,18254.5703125,154535300
2024-06-24,18325.580078125,18325.580078125,18354.7109375,18165.5390625,18165.5390625,61738700
2024-06-25,18177.619140625,18177.619140625,18307.609375,18075.75,18300.419921875,54133500
2024-06-26,18155.240234375,18155.240234375,18363.390625,18045.5390625,18176.80078125,56452300
2024-06-27,18210.55078125,18210.55078125,18265.51953125,18141.279296875,18154.970703125,54448500
2024-06-28,18235.44921875,18235.44921875,18352.650390625,18198.099609375,18211.970703125,64588100
2024-07-01,18290.66015625,18290.66015625,18460.720703125,18236.26953125,18236.349609375,55846500
2024-07-02,18164.060546875,18164.060546875,18286.859375,18030.490234375,18286.859375,57146800
2024-07-03,18374.529296875,18374.529296875,18395.599609375,18181.7109375,18181.7109375,59157800
2024-07-04,18450.48046875,18450.48046875,18468.16015625,18375.6796875,18375.9609375,34330900
2024-07-05,18475.44921875,18475.44921875,18650.359375,18420.5703125,18450.58984375,45501300
2024-07-08,18472.05078125,18472.05078125,18631.609375,18444.060546875,18474.26953125,45306600
2024-07-09,18236.189453125,18236.189453125,18473.0,18213.98046875,18471.349609375,56403100
2024-07-10,18407.220703125,18407.220703125,18420.130859375,18236.75,18236.75,49277300
2024-07-11,18534.560546875,18534.560546875,18578.44921875,18409.650390625,18409.69921875,50928500
2024-07-12,18748.1796875,18748.1796875,18779.400390625,18528.390625,18534.490234375,49829900
2024-07-15,18590.890625,18590.890625,18743.6796875,18581.01953125,18736.109375,42769100
2024-07-16,18518.029296875,18518.029296875,18586.419921875,18448.26953125,18586.419921875,45194900
2024-07-17,18437.30078125,18437.30078125,18532.66015625,18347.240234375,18512.109375,49011600
2024-07-18,18354.759765625,18354.759765625,18536.259765625,18352.330078125,18439.330078125,52139700
2024-07-19,18171.9296875,18171.9296875,18341.8203125,18162.30078125,18340.849609375,58262300
2024-07-22,18407.0703125,18407.0703125,18468.599609375,18231.41015625,18270.849609375,46821100
2024-07-23,18557.69921875,18557.69921875,18647.099609375,18464.220703125,18500.669921875,48611000
2024-07-24,18387.4609375,18387.4609375,18456.390625,18348.990234375,18394.30078125,71705700
2024-07-25,18298.720703125,18298.720703125,18326.1796875,18096.689453125,18209.400390625,70728300
2024-07-26,18417.55078125,18417.55078125,18428.880859375,18218.5390625,18255.349609375,46952600
2024-07-29,18320.669921875,18320.669921875,18546.3203125,18309.26953125,18542.4296875,42845500
2024-07-30,18411.1796875,18411.1796875,18469.080078125,18341.419921875,18363.9296875,43049700
2024-07-31,18508.650390625,18508.650390625,18564.390625,18434.8203125,18503.1796875,62448100
2024-08-01,18083.05078125,18083.05078125,18440.919921875,18069.619140625,18432.5,71404300
2024-08-02,17661.220703125,17661.220703125,17918.01953125,17623.970703125,17884.859375,93521900
2024-08-05,17339.0,17339.0,17525.58984375,17024.8203125,17525.58984375,101880300
2024-08-06,17354.3203125,17354.3203125,17505.23046875,17233.0703125,17422.5703125,78115300
2024-08-07,17615.150390625,17615.150390625,17666.8203125,17386.880859375,17438.650390625,73601400
2024-08-08,17680.400390625,17680.400390625,17696.669921875,17439.869140625,17516.05078125,61730800
2024-08-09,17722.880859375,17722.880859375,17788.720703125,17618.419921875,17672.900390625,0
2024-08-12,17726.470703125,17726.470703125,17829.099609375,17677.7890625,17784.029296875,38708600
2024-08-13,17812.05078125,17812.05078125,17817.0703125,17669.640625,17799.66015625,0
2024-08-14,17885.599609375,17885.599609375,17921.990234375,17827.080078125,17882.1796875,0
2024-08-15,18183.240234375,18183.240234375,18198.08984375,17909.740234375,17977.810546875,0
2024-08-16,18322.400390625,18322.400390625,18344.220703125,18226.599609375,18236.01953125,63794900
2024-08-19,18421.689453125,18421.689453125,18454.939453125,18284.859375,18312.509765625,43769700
2024-08-20,18357.51953125,18357.51953125,18495.279296875,18349.98046875,18473.23046875,42912000
2024-08-21,18448.94921875,18448.94921875,18476.630859375,18352.189453125,18358.7890625,36068100
2024-08-22,18493.390625,18493.390625,18551.390625,18458.609375,18459.279296875,40950900
2024-08-23,18633.099609375,18633.099609375,18670.44921875,18519.2890625,18538.869140625,41122500
2024-08-26,18617.01953125,18617.01953125,18638.970703125,18554.509765625,18589.900390625,23952300
2024-08-27,18681.810546875,18681.810546875,18724.390625,18622.66015625,18637.19921875,35308200
2024-08-28,18782.2890625,18782.2890625,18856.58984375,18731.44921875,18745.140625,37615100
2024-08-29,18912.5703125,18912.5703125,18936.0390625,18781.16015625,18791.169921875,39421500
2024-08-30,18906.919921875,18906.919921875,18970.7109375,18886.08984375,18891.349609375,95583000
2024-09-02,18930.849609375,18930.849609375,18937.98046875,18778.5390625,18913.529296875,36654700
2024-09-03,18747.109375,18747.109375,18990.779296875,18728.4609375,18979.529296875,51866700
2024-09-04,18591.849609375,18591.849609375,18654.19921875,18531.98046875,18531.98046875,52360600
2024-09-05,18576.5,18576.5,18677.630859375,18536.560546875,18539.150390625,57259500
2024-09-06,18301.900390625,18301.900390625,18607.7890625,18274.98046875,18534.869140625,60804900
2024-09-09,18443.560546875,18443.560546875,18484.279296875,18353.25,18379.51953125,43109500
2024-09-10,18265.919921875,18265.919921875,18490.6796875,18233.859375,18417.109375,70039500
2024-09-11,18330.26953125,18330.26953125,18434.619140625,18208.83984375,18342.5703125,87371800
2024-09-12,18518.390625,18518.390625,18595.830078125,18382.259765625,18533.41015625,61591100
2024-09-13,18699.400390625,18699.400390625,18722.189453125,18542.23046875,18546.220703125,69687600
2024-09-16,18633.109375,18633.109375,18672.23046875,18599.529296875,18621.779296875,51208600
2024-09-17,18726.080078125,18726.080078125,18805.08984375,18671.640625,18686.759765625,60260500
2024-09-18,18711.490234375,18711.490234375,18756.529296875,18695.369140625,18729.640625,56152800
2024-09-19,19002.380859375,19002.380859375,19044.9609375,18806.16015625,18877.5703125,80223000
2024-09-20,18720.009765625,18720.009765625,18900.439453125,18710.33984375,18895.8203125,155117400
2024-09-23,18846.7890625,18846.7890625,18857.369140625,18684.33984375,18766.919921875,67192700
2024-09-24,18996.630859375,18996.630859375,19029.44921875,18903.48046875,18982.400390625,57329700
2024-09-25,18918.5,18918.5,18965.009765625,18840.130859375,18845.919921875,52174600
2024-09-26,19238.359375,19238.359375,19253.0703125,19088.419921875,19107.859375,78292900
2024-09-27,19473.630859375,19473.630859375,19491.9296875,19239.859375,19257.6796875,77616700
2024-09-30,19324.9296875,19324.9296875,19449.98046875,19314.33984375,19412.330078125,67084500
2024-10-01,19213.140625,19213.140625,19448.94921875,19143.7890625,19409.390625,69875300
2024-10-02,19164.75,19164.75,19250.890625,19059.599609375,19221.66015625,49480800
2024-10-03,19015.41015625,19015.41015625,19110.310546875,18964.310546875,19074.44921875,46992800
2024-10-04,19120.9296875,19120.9296875,19171.5390625,18952.439453125,18968.849609375,58396000
2024-10-07,19104.099609375,19104.099609375,19151.970703125,19011.939453125,19150.26953125,46285500
2024-10-08,19066.470703125,19066.470703125,19098.48046875,18911.720703125,18937.69921875,49308400
2024-10-09,19254.9296875,19254.9296875,19259.119140625,19007.849609375,19065.1796875,53333500
2024-10-10,19210.900390625,19210.900390625,19285.16015625,19145.419921875,19242.849609375,52366500
2024-10-11,19373.830078125,19373.830078125,19377.099609375,19175.779296875,19206.310546875,54978200
2024-10-14,19508.2890625,19508.2890625,19518.439453125,19392.640625,19409.689453125,43005800
2024-10-15,19486.189453125,19486.189453125,19633.91015625,19457.490234375,19581.5703125,69656200
2024-10-16,19432.810546875,19432.810546875,19510.259765625,19401.5390625,19465.30078125,51088700
2024-10-17,19583.390625,19583.390625,19674.6796875,19499.4609375,19509.7890625,49000700
2024-10-18,19657.369140625,19657.369140625,19667.33984375,19540.19921875,19543.7109375,57112300
2024-10-21,19461.189453125,19461.189453125,19645.01953125,19451.720703125,19609.419921875,41631500
2024-10-22,19421.91015625,19421.91015625,19591.490234375,19368.689453125,19528.91015625,54438000
2024-10-23,19377.619140625,19377.619140625,19464.5390625,19330.109375,19399.330078125,52260500
2024-10-24,19443.0,19443.0,19555.44921875,19417.73046875,19417.73046875,55469100
2024-10-25,19463.58984375,19463.58984375,19516.240234375,19388.91015625,19419.51953125,46014500
2024-10-28,19531.619140625,19531.619140625,19570.919921875,19399.16015625,19528.669921875,46669100
2024-10-29,19478.0703125,19478.0703125,19643.119140625,19465.0,19634.330078125,46982400
2024-10-30,19257.33984375,19257.33984375,19420.939453125,19201.240234375,19403.4296875,59541100
2024-10-31,19077.5390625,19077.5390625,19184.310546875,19004.970703125,19096.6796875,63370400
2024-11-01,19254.970703125,19254.970703125,19297.640625,19082.099609375,19093.990234375,45756600
2024-11-04,19147.849609375,19147.849609375,19286.0390625,19147.759765625,19231.859375,43111600
2024-11-05,19256.26953125,19256.26953125,19263.140625,19104.58984375,19170.150390625,47179800
2024-11-06,19039.310546875,19039.310546875,19563.970703125,19007.880859375,19360.75,112726700
2024-11-07,19362.51953125,19362.51953125,19437.880859375,19148.7890625,19157.220703125,83268900
2024-11-08,19215.48046875,19215.48046875,19411.599609375,19146.529296875,19411.58984375,69792500
2024-11-11,19448.599609375,19448.599609375,19546.900390625,19382.48046875,19386.69921875,59016800
2024-11-12,19033.640625,19033.640625,19339.8203125,19019.669921875,19260.580078125,92931100
2024-11-13,19003.109375,19003.109375,19125.689453125,18838.6796875,19024.279296875,92679600
2024-11-14,19263.69921875,19263.69921875,19307.5703125,19060.439453125,19072.189453125,77861900
2024-11-15,19210.810546875,19210.810546875,19288.890625,19121.140625,19135.640625,67439800
2024-11-18,19189.189453125,19189.189453125,19279.16015625,19091.900390625,19249.259765625,51546500
2024-11-19,19060.310546875,19060.310546875,19211.80078125,18812.529296875,19175.83984375,62320400
2024-11-20,19004.779296875,19004.779296875,19198.740234375,18962.189453125,19153.029296875,53795400
2024-11-21,19146.169921875,19146.169921875,19152.609375,18900.01953125,19060.919921875,55646800
2024-11-22,19322.58984375,19322.58984375,19338.099609375,19036.41015625,19240.23046875,71164000
2024-11-25,19405.19921875,19405.19921875,19468.30078125,19329.880859375,19462.240234375,121851800
2024-11-26,19295.98046875,19295.98046875,19385.349609375,19239.369140625,19309.16015625,60758200
2024-11-27,19261.75,19261.75,19287.0390625,19145.009765625,19257.76953125,51794500
2024-11-28,19425.73046875,19425.73046875,19437.5703125,19346.58984375,19366.720703125,42531100
2024-11-29,19626.44921875,19626.44921875,19640.150390625,19380.2109375,19400.380859375,52162600
2024-12-02,19933.619140625,19933.619140625,19933.619140625,19568.5,19586.169921875,63210300
2024-12-03,20016.75,20016.75,20038.009765625,19926.259765625,19947.1796875,63234700
2024-12-04,20232.140625,20232.140625,20260.609375,20085.310546875,20103.890625,63418900
2024-12-05,20358.80078125,20358.80078125,20373.4296875,20216.330078125,20218.2890625,58274500
2024-12-06,20384.609375,20384.609375,20425.859375,20331.240234375,20374.5390625,61610000
2024-12-09,20345.9609375,20345.9609375,20461.849609375,20318.259765625,20461.849609375,58794900
2024-12-10,20329.16015625,20329.16015625,20393.859375,20277.630859375,20278.740234375,66183800
2024-12-11,20399.16015625,20399.16015625,20415.41015625,20292.859375,20296.189453125,59728100
2024-12-12,20426.26953125,20426.26953125,20453.439453125,20388.029296875,20440.0703125,55684800
2024-12-13,20405.919921875,20405.919921875,20522.8203125,20367.119140625,20450.9609375,52015900
2024-12-16,20313.810546875,20313.810546875,20387.880859375,20304.779296875,20360.75,64212700
2024-12-17,20246.369140625,20246.369140625,20356.580078125,20241.5,20290.9609375,70862400
2024-12-18,20242.5703125,20242.5703125,20329.669921875,20241.98046875,20273.849609375,62488100
2024-12-19,19969.859375,19969.859375,20105.099609375,19959.1796875,20032.05078125,70045700
2024-12-20,19884.75,19884.75,19924.69921875,19649.869140625,19822.869140625,135977900
2024-12-23,19848.76953125,19848.76953125,19901.3203125,19805.5703125,19847.970703125,38341600
2024-12-27,19984.3203125,19984.3203125,19984.3203125,19801.330078125,19831.6796875,43396400
2024-12-30,19909.140625,19909.140625,19978.0,19882.669921875,19892.970703125,26662200
2025-01-02,20024.66015625,20024.66015625,20024.7890625,19833.8203125,19923.0703125,52445600
2025-01-03,19906.080078125,19906.080078125,20031.109375,19868.140625,20028.400390625,44372900
2025-01-06,20216.189453125,20216.189453125,20216.189453125,19921.119140625,19982.66015625,70784900
2025-01-07,20340.5703125,20340.5703125,20391.169921875,20152.69921875,20206.0390625,62020000
2025-01-08,20329.939453125,20329.939453125,20480.490234375,20242.560546875,20322.169921875,62954900
2025-01-09,20317.099609375,20317.099609375,20360.380859375,20245.9609375,20284.19921875,50177100
2025-01-10,20214.7890625,20214.7890625,20400.51953125,20187.970703125,20316.55078125,76245500
2025-01-13,20132.849609375,20132.849609375,20176.109375,20025.279296875,20157.240234375,56263600
2025-01-14,20271.330078125,20271.330078125,20362.58984375,20234.259765625,20266.140625,65394100
2025-01-15,20574.6796875,20574.6796875,20629.76953125,20290.619140625,20305.240234375,81035100
2025-01-16,20655.390625,20655.390625,20675.080078125,20580.08984375,20665.609375,66273400
2025-01-17,20903.390625,20903.390625,20924.5,20716.380859375,20732.0390625,76253100
2025-01-20,20990.310546875,20990.310546875,21054.599609375,20880.5703125,20900.6796875,49988700
2025-01-21,21042.0,21042.0,21045.669921875,20922.80078125,20925.75,49305500
2025-01-22,21254.26953125,21254.26953125,21330.869140625,21162.310546875,21169.609375,63282300
2025-01-23,21411.529296875,21411.529296875,21423.01953125,21254.080078125,21277.580078125,56353200
2025-01-24,21394.9296875,21394.9296875,21520.5,21353.009765625,21463.150390625,67380500
2025-01-27,21282.1796875,21282.1796875,21344.98046875,21081.609375,21201.990234375,79343800
2025-01-28,21430.580078125,21430.580078125,21475.900390625,21296.330078125,21374.2890625,68020300
2025-01-29,21637.529296875,21637.529296875,21671.58984375,21475.640625,21511.470703125,69568800
2025-01-30,21727.19921875,21727.19921875,21732.05078125,21650.779296875,21676.220703125,81446400
2025-01-31,21732.05078125,21732.05078125,21800.51953125,21689.2890625,21771.490234375,70233900
2025-02-03,21428.240234375,21428.240234375,21462.7890625,21252.7109375,21301.529296875,80512800
2025-02-04,21505.69921875,21505.69921875,21518.5390625,21298.7109375,21474.7890625,63679500
2025-02-05,21585.9296875,21585.9296875,21585.9296875,21387.720703125,21429.830078125,61173700
2025-02-06,21902.419921875,21902.419921875,21921.01953125,21691.5703125,21718.099609375,75964300
2025-02-07,21787.0,21787.0,21945.310546875,21759.970703125,21908.48046875,68654900
2025-02-10,21911.740234375,21911.740234375,21945.5703125,21785.01953125,21830.9296875,54330700
2025-02-11,22037.830078125,22037.830078125,22046.41015625,21884.380859375,21909.9609375,55759600
2025-02-12,22148.029296875,22148.029296875,22193.650390625,21971.630859375,22077.8203125,73775600
2025-02-13,22612.01953125,22612.01953125,22624.5703125,22306.330078125,22410.580078125,96482400
2025-02-14,22513.419921875,22513.419921875,22609.970703125,22467.369140625,22526.869140625,68291600
2025-02-17,22798.08984375,22798.08984375,22804.19921875,22550.73046875,22589.91015625,49597100
2025-02-18,22844.5,22844.5,22882.76953125,22715.25,22851.369140625,61526100
2025-02-19,22433.630859375,22433.630859375,22935.060546875,22416.109375,22875.9609375,72215900
2025-02-20,22314.650390625,22314.650390625,22574.58984375,22280.23046875,22501.2109375,70289500
2025-02-21,22287.560546875,22287.560546875,22393.58984375,22226.33984375,22329.220703125,73524500
2025-02-24,22425.9296875,22425.9296875,22515.359375,22235.259765625,22470.6796875,72044300
2025-02-25,22410.26953125,22410.26953125,22576.119140625,22332.150390625,22362.810546875,71533100
2025-02-26,22794.109375,22794.109375,22833.25,22554.369140625,22571.9296875,81091100
2025-02-27,22550.890625,22550.890625,22686.41015625,22378.060546875,22587.26953125,74227200
2025-02-28,22551.4296875,22551.4296875,22551.4296875,22329.060546875,22409.25,119058500
2025-03-03,23147.01953125,23147.01953125,23307.970703125,22531.599609375,22682.94921875,94040900
2025-03-04,22326.810546875,22326.810546875,22869.919921875,22320.0703125,22852.720703125,108160100
2025-03-05,23081.029296875,23081.029296875,23176.390625,22790.890625,22804.810546875,143963500
2025-03-06,23419.48046875,23419.48046875,23475.880859375,23061.5703125,23245.33984375,149033300
2025-03-07,23008.939453125,23008.939453125,23234.279296875,22860.080078125,23195.220703125,106635100
2025-03-10,22620.94921875,22620.94921875,23164.240234375,22519.2109375,23163.779296875,108707000
2025-03-11,22328.76953125,22328.76953125,22835.099609375,22258.30078125,22680.390625,97374800
2025-03-12,22676.41015625,22676.41015625,22813.83984375,22461.76953125,22525.740234375,80929100
2025-03-13,22567.140625,22567.140625,22752.830078125,22417.51953125,22578.099609375,78955600
2025-03-14,22986.8203125,22986.8203125,23049.48046875,22465.119140625,22501.33984375,93287400
2025-03-17,23154.5703125,23154.5703125,23154.5703125,22933.5703125,22998.529296875,67152000
2025-03-18,23380.69921875,23380.69921875,23476.009765625,23240.560546875,23266.650390625,80663300
2025-03-19,23288.060546875,23288.060546875,23372.080078125,23136.5390625,23272.150390625,79641400
2025-03-20,22999.150390625,22999.150390625,23315.490234375,22819.759765625,23295.720703125,92465800
2025-03-21,22891.6796875,22891.6796875,22956.98046875,22723.189453125,22926.419921875,146780700
2025-03-24,22852.66015625,22852.66015625,23137.48046875,22813.109375,23075.759765625,66759300
2025-03-25,23109.7890625,23109.7890625,23182.779296875,22845.51953125,22913.419921875,60671100
2025-03-26,22839.029296875,22839.029296875,23204.58984375,22826.369140625,23202.25,57800000
2025-03-27,22678.740234375,22678.740234375,22740.470703125,22469.880859375,22574.4609375,74817500
2025-03-28,22461.51953125,22461.51953125,22614.9609375,22377.91015625,22558.83984375,81650800
2025-03-31,22163.490234375,22163.490234375,22320.01953125,21978.4609375,22253.05078125,83869100
2025-04-01,22539.98046875,22539.98046875,22573.7109375,22297.369140625,22343.41015625,67890100
2025-04-02,22390.83984375,22390.83984375,22485.41015625,22139.26953125,22483.9296875,61146900
2025-04-03,21717.390625,21717.390625,22147.44921875,21670.9609375,21842.080078125,117129300
2025-04-04,20641.720703125,20641.720703125,21642.169921875,20437.369140625,21543.470703125,188118500
2025-04-07,19789.619140625,19789.619140625,20799.6796875,18489.91015625,18751.75,246525700
2025-04-08,20280.259765625,20280.259765625,20468.4296875,19884.48046875,20039.689453125,137326200
2025-04-09,19670.880859375,19670.880859375,20025.380859375,19384.390625,19833.560546875,141645300
2025-04-10,20562.73046875,20562.73046875,21300.310546875,20562.73046875,21207.759765625,135458900
2025-04-11,20374.099609375,20374.099609375,20796.44921875,20114.5390625,20787.060546875,100475700
2025-04-14,20954.830078125,20954.830078125,21048.330078125,20698.91015625,20802.419921875,74524500
2025-04-15,21253.69921875,21253.69921875,21288.119140625,21042.26953125,21076.060546875,66922800
2025-04-16,21311.01953125,21311.01953125,21315.9609375,20956.380859375,21117.779296875,62776400
2025-04-17,21205.859375,21205.859375,21436.66015625,21142.259765625,21433.55078125,66669900
2025-04-22,21293.529296875,21293.529296875,21296.91015625,21044.609375,21150.5390625,62154800
2025-04-23,21961.970703125,21961.970703125,22043.75,21722.83984375,21801.66015625,88573200
2025-04-24,22064.509765625,22064.509765625,22081.51953125,21731.7890625,21890.099609375,62636800
2025-04-25,22242.44921875,22242.44921875,22318.359375,22078.33984375,22210.509765625,70917400
2025-04-28,22271.669921875,22271.669921875,22443.41015625,22255.330078125,22339.890625,55883200
2025-04-29,22425.830078125,22425.830078125,22455.6796875,22319.279296875,22377.169921875,75547100
2025-04-30,22496.98046875,22496.98046875,22607.3203125,22235.740234375,22520.490234375,99189800
2025-05-02,23086.650390625,23086.650390625,23086.650390625,22764.509765625,22818.1796875,84456300
2025-05-05,23344.5390625,23344.5390625,23364.240234375,23064.259765625,23064.259765625,48831900
2025-05-06,23249.650390625,23249.650390625,23389.859375,22861.400390625,23387.349609375,67251500
2025-05-07,23115.9609375,23115.9609375,23300.880859375,23100.9296875,23252.94921875,66591700
2025-05-08,23352.689453125,23352.689453125,23408.5,23238.4609375,23265.76953125,68153300
2025-05-09,23499.3203125,23499.3203125,23543.26953125,23428.880859375,23480.380859375,69225600
2025-05-12,23566.5390625,23566.5390625,23911.98046875,23361.720703125,23758.580078125,92750000
2025-05-13,23638.560546875,23638.560546875,23649.880859375,23543.05078125,23583.740234375,79961500
2025-05-14,23527.009765625,23527.009765625,23702.19921875,23444.41015625,23679.029296875,80368900
2025-05-15,23695.58984375,23695.58984375,23696.6796875,23338.890625,23422.1796875,74787600
2025-05-16,23767.4296875,23767.4296875,23887.140625,23664.390625,23775.6796875,71976600
2025-05-19,23934.98046875,23934.98046875,23935.08984375,23676.349609375,23705.9296875,47854200
2025-05-20,24036.109375,24036.109375,24082.48046875,23898.849609375,24004.390625,66388300
2025-05-21,24122.400390625,24122.400390625,24152.240234375,23871.470703125,23966.419921875,58543400
2025-05-22,23999.169921875,23999.169921875,24040.2109375,23843.0703125,24017.060546875,56102000
2025-05-23,23629.580078125,23629.580078125,24149.080078125,23274.849609375,24026.689453125,94245400
2025-05-26,24027.650390625,24027.650390625,24050.599609375,23932.0390625,24009.099609375,37001300
2025-05-27,24226.490234375,24226.490234375,24300.970703125,24027.75,24054.16015625,53474100
2025-05-28,24038.189453125,24038.189453125,24325.970703125,24038.189453125,24250.990234375,57894000
2025-05-29,23933.23046875,23933.23046875,24255.009765625,23917.060546875,24255.009765625,42765200
2025-05-30,23997.48046875,23997.48046875,24181.529296875,23958.4296875,23963.490234375,110527000
2025-06-02,23930.669921875,23930.669921875,23993.220703125,23740.08984375,23865.380859375,53147300
2025-06-03,24091.619140625,24091.619140625,24101.55078125,23826.390625,24031.9609375,50506800
2025-06-04,24276.48046875,24276.48046875,24346.150390625,24129.3203125,24253.689453125,54182400
2025-06-05,24323.580078125,24323.580078125,24479.419921875,24220.7109375,24281.2109375,53665700
2025-06-06,24304.4609375,24304.4609375,24355.029296875,24214.529296875,24304.369140625,41235800
2025-06-09,24174.3203125,24174.3203125,24289.509765625,24097.08984375,24252.259765625,35991400
2025-06-10,23987.560546875,23987.560546875,24168.58984375,23964.76953125,24156.529296875,59033500
2025-06-11,23948.900390625,23948.900390625,24151.390625,23948.5703125,23996.66015625,62192700
2025-06-12,23771.44921875,23771.44921875,23885.060546875,23618.849609375,23768.05078125,63677900
2025-06-13,23516.23046875,23516.23046875,23557.7109375,23360.16015625,23448.189453125,73193600
2025-06-16,23699.119140625,23699.119140625,23711.73046875,23505.5390625,23589.470703125,55479100
2025-06-17,23434.650390625,23434.650390625,23550.990234375,23315.0703125,23495.060546875,55135600
2025-06-18,23317.810546875,23317.810546875,23502.94921875,23262.640625,23426.970703125,56994800
2025-06-19,23057.380859375,23057.380859375,23254.859375,23051.55078125,23178.599609375,41395300
2025-06-20,23350.55078125,23350.55078125,23481.970703125,23187.48046875,23197.119140625,153406000
2025-06-23,23269.009765625,23269.009765625,23385.599609375,23080.2890625,23242.900390625,50041400
2025-06-24,23641.580078125,23641.580078125,23812.7890625,23580.2109375,23689.189453125,63913800
2025-06-25,23498.330078125,23498.330078125,23713.240234375,23466.73046875,23713.240234375,57280500
2025-06-26,23649.30078125,23649.30078125,23710.580078125,23521.099609375,23609.30078125,51552300
2025-06-27,24033.220703125,24033.220703125,24040.55078125,23784.619140625,23864.669921875,57584600
2025-06-30,23909.609375,23909.609375,24120.8203125,23854.310546875,24109.150390625,70772100
2025-07-01,23673.2890625,23673.2890625,23978.30078125,23671.26953125,23966.94921875,61850200
2025-07-02,23790.109375,23790.109375,23824.5,23620.419921875,23789.060546875,53388000
2025-07-03,23934.130859375,23934.130859375,23944.099609375,23762.419921875,23884.80078125,46650200
2025-07-04,23787.44921875,23787.44921875,23868.9296875,23702.650390625,23833.140625,34239700
2025-07-07,24073.669921875,24073.669921875,24073.669921875,23836.580078125,23845.880859375,39606000
2025-07-08,24206.91015625,24206.91015625,24244.08984375,24063.419921875,24135.740234375,60796000
2025-07-09,24549.560546875,24549.560546875,24609.150390625,24261.009765625,24278.890625,60620400
2025-07-10,24456.810546875,24456.810546875,24639.099609375,24450.970703125,24638.580078125,58767400
2025-07-11,24255.310546875,24255.310546875,24369.05078125,24166.630859375,24333.109375,45562600
2025-07-14,24160.640625,24160.640625,24168.140625,23975.4609375,24038.2890625,42197100
2025-07-15,24060.2890625,24060.2890625,24266.810546875,24060.2890625,24220.51953125,41804800
2025-07-16,24009.380859375,24009.380859375,24207.810546875,23968.94921875,24011.990234375,51694600
2025-07-17,24370.9296875,24370.9296875,24374.5,24174.759765625,24227.5390625,47542100
2025-07-18,24289.509765625,24289.509765625,24494.880859375,24251.359375,24483.66015625,47707700
2025-07-21,24307.80078125,24307.80078125,24335.259765625,24191.630859375,24309.390625,42777100
2025-07-22,24041.900390625,24041.900390625,24237.41015625,23921.830078125,24236.08984375,49151300
2025-07-23,24240.8203125,24240.8203125,24310.9609375,24122.189453125,24246.80078125,80487800
2025-07-24,24295.9296875,24295.9296875,24514.9296875,24235.439453125,24502.990234375,78043300
2025-07-25,24217.5,24217.5,24252.58984375,24065.189453125,24097.330078125,54010400
2025-07-28,23970.359375,23970.359375,24444.470703125,23942.119140625,24424.669921875,52660400
2025-07-29,24217.369140625,24217.369140625,24310.0,24051.7109375,24051.7109375,50189600
2025-07-30,24262.220703125,24262.220703125,24302.76953125,24138.2109375,24169.259765625,51182600
2025-07-31,24065.470703125,24065.470703125,24433.400390625,24039.919921875,24340.2109375,61019200
2025-08-01,23425.970703125,23425.970703125,23802.73046875,23380.939453125,23786.91015625,69500600
2025-08-04,23757.689453125,23757.689453125,23783.7890625,23521.609375,23523.240234375,50796000
2025-08-05,23846.0703125,23846.0703125,23979.58984375,23785.080078125,23914.3203125,58127500
2025-08-06,23924.359375,23924.359375,23996.890625,23806.919921875,23972.029296875,66327800
2025-08-07,24192.5,24192.5,24392.0390625,23899.4609375,23910.869140625,75743300
2025-08-08,24162.859375,24162.859375,24268.8203125,24095.990234375,24165.880859375,55854700
2025-08-11,24081.33984375,24081.33984375,24219.08984375,24030.05078125,24206.259765625,41591600
2025-08-12,24024.779296875,24024.779296875,24156.25,23940.240234375,24147.009765625,55507100
2025-08-13,24185.58984375,24185.58984375,24247.390625,24138.7890625,24156.509765625,48580100
2025-08-14,24377.5,24377.5,24409.349609375,24205.369140625,24205.58984375,47940900
2025-08-15,24359.30078125,24359.30078125,24536.109375,24327.599609375,24530.69921875,47125900
2025-08-18,24314.76953125,24314.76953125,24336.740234375,24245.169921875,24313.8203125,40221600
2025-08-19,24423.0703125,24423.0703125,24441.0,24283.55078125,24357.23046875,43710500
2025-08-20,24276.970703125,24276.970703125,24369.869140625,24217.509765625,24252.720703125,44783600
2025-08-21,24293.33984375,24293.33984375,24306.060546875,24179.91015625,24274.419921875,39351400
2025-08-22,24363.08984375,24363.08984375,24444.41015625,24222.5390625,24254.810546875,44811700
2025-08-25,24273.119140625,24273.119140625,24377.380859375,24224.150390625,24232.01953125,31480100
2025-08-26,24152.869140625,24152.869140625,24263.109375,24036.880859375,24110.080078125,78930600
2025-08-27,24046.2109375,24046.2109375,24198.30078125,23977.990234375,24174.619140625,43590200
2025-08-28,24039.919921875,24039.919921875,24206.529296875,23972.5390625,24180.619140625,42293000
2025-08-29,23902.2109375,23902.2109375,24063.55078125,23881.98046875,23949.4296875,45696500
2025-09-01,24037.330078125,24037.330078125,24046.849609375,23969.359375,24012.0390625,26626400
2025-09-02,23487.330078125,23487.330078125,23990.810546875,23482.669921875,23975.33984375,54299900
2025-09-03,23594.80078125,23594.80078125,23705.94921875,23507.109375,23606.689453125,53264000
2025-09-04,23770.330078125,23770.330078125,23800.119140625,23610.44921875,23664.7890625,46931400
2025-09-05,23596.98046875,23596.98046875,23854.6796875,23546.69921875,23851.939453125,46854600
2025-09-08,23807.130859375,23807.130859375,23830.119140625,23655.470703125,23771.859375,48616500
2025-09-09,23718.44921875,23718.44921875,23859.560546875,23633.94921875,23802.609375,44540300
2025-09-10,23632.94921875,23632.94921875,23883.580078125,23600.470703125,23837.169921875,49060600
2025-09-11,23703.650390625,23703.650390625,23787.1796875,23563.369140625,23654.9296875,47690900
2025-09-12,23698.150390625,23698.150390625,23793.060546875,23604.359375,23767.33984375,43830600
2025-09-15,23748.859375,23748.859375,23855.349609375,23664.109375,23785.259765625,40171100
2025-09-16,23329.240234375,23329.240234375,23717.669921875,23317.30078125,23711.990234375,51217300
2025-09-17,23359.1796875,23359.1796875,23476.7109375,23284.669921875,23407.390625,50053900
2025-09-18,23674.529296875,23674.529296875,23690.470703125,23557.810546875,23577.060546875,54290600
2025-09-19,23639.41015625,23639.41015625,23785.240234375,23599.259765625,23723.33984375,213887300
2025-09-22,23527.05078125,23527.05078125,23589.25,23424.439453125,23567.490234375,53681300
2025-09-23,23611.330078125,23611.330078125,23723.19921875,23564.970703125,23604.359375,48153500
2025-09-24,23666.810546875,23666.810546875,23736.599609375,23499.98046875,23601.5,54163200
2025-09-25,23534.830078125,23534.830078125,23629.369140625,23383.83984375,23620.400390625,55308500
2025-09-26,23739.470703125,23739.470703125,23756.0390625,23579.25,23601.189453125,45110800
2025-09-29,23745.060546875,23745.060546875,23835.609375,23666.810546875,23835.609375,39242000
2025-09-30,23880.720703125,23880.720703125,23887.73046875,23676.359375,23726.4296875,47602500
2025-10-01,24113.619140625,24113.619140625,24162.23046875,23753.080078125,23755.23046875,53499000
2025-10-02,24422.560546875,24422.560546875,24502.330078125,24247.44921875,24293.830078125,54187900
2025-10-03,24378.80078125,24378.80078125,24524.109375,24343.2109375,24511.5703125,38220200
2025-10-06,24378.2890625,24378.2890625,24482.900390625,24269.939453125,24357.58984375,43413400
2025-10-07,24385.779296875,24385.779296875,24452.9296875,24308.0390625,24400.76953125,41564700
2025-10-08,24597.130859375,24597.130859375,24630.970703125,24360.650390625,24382.66015625,56849900
2025-10-09,24611.25,24611.25,24771.33984375,24602.119140625,24674.650390625,41008500
2025-10-10,24241.4609375,24241.4609375,24690.720703125,24241.4609375,24664.23046875,50177500
2025-10-13,24387.9296875,24387.9296875,24448.76953125,24260.76953125,24372.900390625,36995100
2025-10-14,24236.939453125,24236.939453125,24242.849609375,23986.9296875,24169.029296875,45092500
2025-10-15,24181.369140625,24181.369140625,24339.26953125,24179.990234375,24263.7109375,43493500
2025-10-16,24272.189453125,24272.189453125,24283.5703125,24051.849609375,24188.150390625,45218300
2025-10-17,23830.990234375,23830.990234375,23987.75,23684.369140625,23833.109375,69383400
2025-10-20,24258.80078125,24258.80078125,24296.390625,24026.58984375,24035.189453125,46610300
2025-10-21,24330.029296875,24330.029296875,24384.240234375,24201.2890625,24310.439453125,42704200
2025-10-22,24151.130859375,24151.130859375,24342.1796875,24138.25,24296.16015625,57734300
2025-10-23,24207.7890625,24207.7890625,24222.83984375,24035.2109375,24202.779296875,51148200
2025-10-24,24239.890625,24239.890625,24275.990234375,24145.259765625,24275.990234375,43268900
2025-10-27,24308.779296875,24308.779296875,24348.58984375,24185.83984375,24332.849609375,43352700
2025-10-28,24278.630859375,24278.630859375,24339.939453125,24188.369140625,24228.1796875,41976200
2025-10-29,24124.2109375,24124.2109375,24322.900390625,24090.580078125,24261.08984375,63568200
2025-10-30,24118.890625,24118.890625,24215.30078125,24034.75,24187.8203125,53909400
2025-10-31,23958.30078125,23958.30078125,24119.66015625,23922.94921875,24115.310546875,42904400
2025-11-03,24132.41015625,24132.41015625,24248.669921875,23982.279296875,23990.33984375,48002500
2025-11-04,23949.109375,23949.109375,23974.310546875,23674.650390625,23801.240234375,51570100
2025-11-05,24049.740234375,24049.740234375,24103.529296875,23732.380859375,23774.55078125,55196800
2025-11-06,23734.01953125,23734.01953125,24058.73046875,23721.990234375,23996.240234375,58267000
2025-11-07,23569.9609375,23569.9609375,23837.119140625,23452.890625,23801.970703125,53123300
2025-11-10,23959.990234375,23959.990234375,24022.689453125,23854.490234375,23925.359375,52658900
2025-11-11,24088.060546875,24088.060546875,24108.4296875,23952.41015625,23990.140625,47222500
2025-11-12,24381.4609375,24381.4609375,24441.279296875,24234.939453125,24245.890625,75344600
2025-11-13,24041.619140625,24041.619140625,24416.330078125,24027.919921875,24367.69921875,60792900
2025-11-14,23876.55078125,23876.55078125,23992.119140625,23609.060546875,23977.720703125,64036000
2025-11-17,23590.51953125,23590.51953125,23928.48046875,23529.73046875,23890.48046875,46448300
2025-11-18,23180.529296875,23180.529296875,23358.75,23085.380859375,23238.330078125,61389400
2025-11-19,23162.919921875,23162.919921875,23379.359375,23105.55078125,23180.9296875,52349100
2025-11-20,23278.849609375,23278.849609375,23512.490234375,23277.08984375,23387.419921875,47727200
2025-11-21,23091.869140625,23091.869140625,23256.26953125,22943.060546875,22963.169921875,68913200
2025-11-24,23239.1796875,23239.1796875,23392.220703125,23149.69921875,23280.3203125,129335900
2025-11-25,23464.630859375,23464.630859375,23487.23046875,23139.26953125,23254.4609375,50045500
2025-11-26,23726.220703125,23726.220703125,23727.25,23445.279296875,23585.259765625,45525300
2025-11-27,23767.9609375,23767.9609375,23830.970703125,23708.419921875,23732.810546875,31160000
2025-11-28,23836.7890625,23836.7890625,23883.98046875,23720.560546875,23780.75,37179100
2025-12-01,23589.439453125,23589.439453125,23734.19921875,23433.48046875,23731.2890625,48999700
2025-12-02,23710.859375,23710.859375,23792.05078125,23607.69921875,23637.490234375,50968100
2025-12-03,23693.7109375,23693.7109375,23838.05078125,23646.4296875,23788.8203125,51721300
2025-12-04,23882.029296875,23882.029296875,23930.51953125,23797.7109375,23836.23046875,52994000
2025-12-05,24028.140625,24028.140625,24130.919921875,23929.259765625,23942.73046875,46889600
2025-12-08,24046.009765625,24046.009765625,24116.990234375,23985.279296875,24015.970703125,46456700
2025-12-09,24162.650390625,24162.650390625,24186.919921875,24092.5,24094.990234375,49105800
2025-12-10,24130.140625,24130.140625,24168.720703125,24001.4296875,24131.390625,47603300
2025-12-11,24294.609375,24294.609375,24364.009765625,24007.98046875,24055.169921875,52093700
2025-12-12,24186.490234375,24186.490234375,24474.619140625,24173.279296875,24368.939453125,45470300
2025-12-15,24229.91015625,24229.91015625,24318.30078125,24170.44921875,24297.640625,47059700
2025-12-16,24076.869140625,24076.869140625,24191.599609375,24011.80078125,24124.109375,53280600
2025-12-17,23960.58984375,23960.58984375,24185.470703125,23949.169921875,24159.619140625,52418200
2025-12-18,24199.5,24199.5,24215.98046875,23923.970703125,23947.029296875,51639200
2025-12-19,24288.400390625,24288.400390625,24305.8203125,24153.23046875,24196.189453125,131439800
2025-12-22,24283.970703125,24283.970703125,24356.109375,24203.369140625,24291.849609375,32252800
2025-12-23,24340.060546875,24340.060546875,24362.009765625,24257.470703125,24297.619140625,28299400
2025-12-29,24351.119140625,24351.119140625,24389.150390625,24253.73046875,24370.939453125,35372300
2025-12-30,24490.41015625,24490.41015625,24527.939453125,24328.419921875,24343.189453125,23179300
2026-01-02,24539.33984375,24539.33984375,24676.7890625,24448.98046875,24499.509765625,48788700
2026-01-05,24868.689453125,24868.689453125,24872.919921875,24639.6796875,24681.349609375,53518200
2026-01-06,24892.19921875,24892.19921875,24969.169921875,24836.330078125,24904.6796875,57420800
2026-01-07,25122.259765625,25122.259765625,25122.4609375,24982.619140625,24995.0,57897000
2026-01-08,25127.4609375,25127.4609375,25217.51953125,25024.650390625,25128.4609375,57587500
2026-01-09,25261.640625,25261.640625,25281.1796875,25107.919921875,25124.01953125,55247900
2026-01-12,25405.33984375,25405.33984375,25421.419921875,25236.880859375,25248.369140625,47091400
2026-01-13,25420.66015625,25420.66015625,25507.7890625,25338.30078125,25408.369140625,51680900
2026-01-14,25286.240234375,25286.240234375,25461.359375,25268.26953125,25429.75,64458300
2026-01-15,25352.390625,25352.390625,25378.55078125,25233.3203125,25275.830078125,58342400
2026-01-16,25297.130859375,25297.130859375,25354.109375,25198.529296875,25336.009765625,62873300
2026-01-19,24959.060546875,24959.060546875,25070.609375,24911.58984375,24940.470703125,59769000
2026-01-20,24703.119140625,24703.119140625,24758.3203125,24507.109375,24747.349609375,61404900
2026-01-21,24560.98046875,24560.98046875,24656.73046875,24349.5390625,24636.55078125,60845300
2026-01-22,24856.470703125,24856.470703125,24937.080078125,24772.5390625,24877.630859375,68349500
2026-01-23,24900.7109375,24900.7109375,24930.150390625,24796.9296875,24819.939453125,51854400
2026-01-26,24933.080078125,24933.080078125,24985.150390625,24790.740234375,24890.30078125,46863200
2026-01-27,24894.439453125,24894.439453125,25020.220703125,24848.529296875,25008.029296875,54957100
2026-01-28,24822.7890625,24822.7890625,24926.029296875,24707.189453125,24878.23046875,64693800
2026-01-29,24309.4609375,24309.4609375,24758.73046875,24266.330078125,24697.380859375,72617900
2026-01-30,24538.810546875,24538.810546875,24585.44921875,24366.390625,24376.150390625,65569500
2026-02-02,24797.51953125,24797.51953125,24851.69921875,24384.2109375,24392.08984375,57389000
2026-02-03,24780.7890625,24780.7890625,25098.7109375,24703.619140625,24956.759765625,69071000
2026-02-04,24603.0390625,24603.0390625,24877.91015625,24602.880859375,24845.58984375,89361200
2026-02-05,24365.529296875,24365.529296875,24663.810546875,24272.619140625,24607.470703125,0
